Timing Analyzer report for hardisa
Tue Sep 15 22:49:54 2026
Quartus Prime Version 24.1std.0 Build 1077 03/04/2025 SC Lite Edition


---------------------
; Table of Contents ;
---------------------
  1. Legal Notice
  2. Timing Analyzer Summary
  3. Parallel Compilation
  4. SDC File List
  5. Clocks
  6. Slow 1200mV 85C Model Fmax Summary
  7. Slow 1200mV 85C Model Setup Summary
  8. Slow 1200mV 85C Model Hold Summary
  9. Slow 1200mV 85C Model Recovery Summary
 10. Slow 1200mV 85C Model Removal Summary
 11. Slow 1200mV 85C Model Minimum Pulse Width Summary
 12. Slow 1200mV 85C Model Metastability Summary
 13. Slow 1200mV 0C Model Fmax Summary
 14. Slow 1200mV 0C Model Setup Summary
 15. Slow 1200mV 0C Model Hold Summary
 16. Slow 1200mV 0C Model Recovery Summary
 17. Slow 1200mV 0C Model Removal Summary
 18. Slow 1200mV 0C Model Minimum Pulse Width Summary
 19. Slow 1200mV 0C Model Metastability Summary
 20. Fast 1200mV 0C Model Setup Summary
 21. Fast 1200mV 0C Model Hold Summary
 22. Fast 1200mV 0C Model Recovery Summary
 23. Fast 1200mV 0C Model Removal Summary
 24. Fast 1200mV 0C Model Minimum Pulse Width Summary
 25. Fast 1200mV 0C Model Metastability Summary
 26. Multicorner Timing Analysis Summary
 27. Board Trace Model Assignments
 28. Input Transition Times
 29. Signal Integrity Metrics (Slow 1200mv 0c Model)
 30. Signal Integrity Metrics (Slow 1200mv 85c Model)
 31. Signal Integrity Metrics (Fast 1200mv 0c Model)
 32. Setup Transfers
 33. Hold Transfers
 34. Report TCCS
 35. Report RSKM
 36. Unconstrained Paths Summary
 37. Clock Status Summary
 38. Unconstrained Input Ports
 39. Unconstrained Output Ports
 40. Unconstrained Input Ports
 41. Unconstrained Output Ports
 42. Timing Analyzer Messages



----------------
; Legal Notice ;
----------------
Copyright (C) 2025  Altera Corporation. All rights reserved.
Your use of Altera Corporation's design tools, logic functions 
and other software and tools, and any partner logic 
functions, and any output files from any of the foregoing 
(including device programming or simulation files), and any 
associated documentation or information are expressly subject 
to the terms and conditions of the Altera Program License 
Subscription Agreement, the Altera Quartus Prime License Agreement,
the Altera IP License Agreement, or other applicable license
agreement, including, without limitation, that your use is for
the sole purpose of programming logic devices manufactured by
Altera and sold by Altera or its authorized distributors.  Please
refer to the Altera Software License Subscription Agreements 
on the Quartus Prime software download page.



+---------------------------------------------------------------------------------+
; Timing Analyzer Summary                                                         ;
+-----------------------+---------------------------------------------------------+
; Quartus Prime Version ; Version 24.1std.0 Build 1077 03/04/2025 SC Lite Edition ;
; Timing Analyzer       ; Legacy Timing Analyzer                                  ;
; Revision Name         ; hardisa                                                 ;
; Device Family         ; MAX 10                                                  ;
; Device Name           ; 10M50DAF484C6GES                                        ;
; Timing Models         ; Preliminary                                             ;
; Delay Model           ; Combined                                                ;
; Rise/Fall Delays      ; Enabled                                                 ;
+-----------------------+---------------------------------------------------------+


+------------------------------------------+
; Parallel Compilation                     ;
+----------------------------+-------------+
; Processors                 ; Number      ;
+----------------------------+-------------+
; Number detected on machine ; 16          ;
; Maximum allowed            ; 16          ;
;                            ;             ;
; Average used               ; 2.96        ;
; Maximum used               ; 16          ;
;                            ;             ;
; Usage by Processor         ; % Time Used ;
;     Processor 1            ; 100.0%      ;
;     Processor 2            ;  15.6%      ;
;     Processor 3            ;  15.0%      ;
;     Processor 4            ;  14.9%      ;
;     Processors 5-16        ;  12.5%      ;
+----------------------------+-------------+


+---------------------------------------------------+
; SDC File List                                     ;
+---------------+--------+--------------------------+
; SDC File Path ; Status ; Read at                  ;
+---------------+--------+--------------------------+
; de10_lite.sdc ; OK     ; Tue Sep 15 22:49:51 2026 ;
+---------------+--------+--------------------------+


+-----------------------------------------------------------------------------------------------------------------------------------------------------------------------------------------------------------------------------------------------------------------------------------------------------------------------------+
; Clocks                                                                                                                                                                                                                                                                                                                      ;
+-------------------------------------------------+-----------+---------+-----------+---------+---------+------------+-----------+-------------+-------+--------+-----------+------------+----------+---------------+---------------------------------------------------+-----------------------------------------------------+
; Clock Name                                      ; Type      ; Period  ; Frequency ; Rise    ; Fall    ; Duty Cycle ; Divide by ; Multiply by ; Phase ; Offset ; Edge List ; Edge Shift ; Inverted ; Master        ; Source                                            ; Targets                                             ;
+-------------------------------------------------+-----------+---------+-----------+---------+---------+------------+-----------+-------------+-------+--------+-----------+------------+----------+---------------+---------------------------------------------------+-----------------------------------------------------+
; MAX10_CLK1_50                                   ; Base      ; 20.000  ; 50.0 MHz  ; 0.000   ; 10.000  ;            ;           ;             ;       ;        ;           ;            ;          ;               ;                                                   ; { MAX10_CLK1_50 }                                   ;
; pll|altpll_component|auto_generated|pll1|clk[0] ; Generated ; 200.000 ; 5.0 MHz   ; 0.000   ; 100.000 ; 50.00      ; 10        ; 1           ;       ;        ;           ;            ; false    ; MAX10_CLK1_50 ; pll|altpll_component|auto_generated|pll1|inclk[0] ; { pll|altpll_component|auto_generated|pll1|clk[0] } ;
; pll|altpll_component|auto_generated|pll1|clk[1] ; Generated ; 200.000 ; 5.0 MHz   ; 100.000 ; 200.000 ; 50.00      ; 10        ; 1           ; 180.0 ;        ;           ;            ; false    ; MAX10_CLK1_50 ; pll|altpll_component|auto_generated|pll1|inclk[0] ; { pll|altpll_component|auto_generated|pll1|clk[1] } ;
; pll|altpll_component|auto_generated|pll1|clk[2] ; Generated ; 40.000  ; 25.0 MHz  ; 0.000   ; 20.000  ; 50.00      ; 2         ; 1           ;       ;        ;           ;            ; false    ; MAX10_CLK1_50 ; pll|altpll_component|auto_generated|pll1|inclk[0] ; { pll|altpll_component|auto_generated|pll1|clk[2] } ;
+-------------------------------------------------+-----------+---------+-----------+---------+---------+------------+-----------+-------------+-------+--------+-----------+------------+----------+---------------+---------------------------------------------------+-----------------------------------------------------+


+--------------------------------------------------------------------------------------+
; Slow 1200mV 85C Model Fmax Summary                                                   ;
+-----------+-----------------+-------------------------------------------------+------+
; Fmax      ; Restricted Fmax ; Clock Name                                      ; Note ;
+-----------+-----------------+-------------------------------------------------+------+
; 31.09 MHz ; 31.09 MHz       ; pll|altpll_component|auto_generated|pll1|clk[0] ;      ;
; 51.47 MHz ; 51.47 MHz       ; pll|altpll_component|auto_generated|pll1|clk[1] ;      ;
; 79.15 MHz ; 79.15 MHz       ; pll|altpll_component|auto_generated|pll1|clk[2] ;      ;
+-----------+-----------------+-------------------------------------------------+------+
This panel reports FMAX for every clock in the design, regardless of the user-specified clock periods.  FMAX is only computed for paths where the source and destination registers or ports are driven by the same clock.  Paths of different clocks, including generated clocks, are ignored.  For paths between a clock and its inversion, FMAX is computed as if the rising and falling edges are scaled along with FMAX, such that the duty cycle (in terms of a percentage) is maintained. Altera recommends that you always use clock constraints and other slack reports for sign-off analysis.


+--------------------------------------------------------------------------+
; Slow 1200mV 85C Model Setup Summary                                      ;
+-------------------------------------------------+--------+---------------+
; Clock                                           ; Slack  ; End Point TNS ;
+-------------------------------------------------+--------+---------------+
; pll|altpll_component|auto_generated|pll1|clk[2] ; 3.671  ; 0.000         ;
; pll|altpll_component|auto_generated|pll1|clk[1] ; 4.922  ; 0.000         ;
; pll|altpll_component|auto_generated|pll1|clk[0] ; 25.363 ; 0.000         ;
+-------------------------------------------------+--------+---------------+


+-------------------------------------------------------------------------+
; Slow 1200mV 85C Model Hold Summary                                      ;
+-------------------------------------------------+-------+---------------+
; Clock                                           ; Slack ; End Point TNS ;
+-------------------------------------------------+-------+---------------+
; pll|altpll_component|auto_generated|pll1|clk[1] ; 0.315 ; 0.000         ;
; pll|altpll_component|auto_generated|pll1|clk[2] ; 0.420 ; 0.000         ;
; pll|altpll_component|auto_generated|pll1|clk[0] ; 0.433 ; 0.000         ;
+-------------------------------------------------+-------+---------------+


------------------------------------------
; Slow 1200mV 85C Model Recovery Summary ;
------------------------------------------
No paths to report.


-----------------------------------------
; Slow 1200mV 85C Model Removal Summary ;
-----------------------------------------
No paths to report.


+--------------------------------------------------------------------------+
; Slow 1200mV 85C Model Minimum Pulse Width Summary                        ;
+-------------------------------------------------+--------+---------------+
; Clock                                           ; Slack  ; End Point TNS ;
+-------------------------------------------------+--------+---------------+
; MAX10_CLK1_50                                   ; 9.775  ; 0.000         ;
; pll|altpll_component|auto_generated|pll1|clk[2] ; 19.684 ; 0.000         ;
; pll|altpll_component|auto_generated|pll1|clk[1] ; 99.650 ; 0.000         ;
; pll|altpll_component|auto_generated|pll1|clk[0] ; 99.753 ; 0.000         ;
+-------------------------------------------------+--------+---------------+


-----------------------------------------------
; Slow 1200mV 85C Model Metastability Summary ;
-----------------------------------------------
The design MTBF is not calculated because there are no specified synchronizers in the design.
Number of Synchronizer Chains Found: 1
Shortest Synchronizer Chain: 2 Registers
Fraction of Chains for which MTBFs Could Not be Calculated: 1.000
Worst Case Available Settling Time: 395.545 ns




+--------------------------------------------------------------------------------------+
; Slow 1200mV 0C Model Fmax Summary                                                    ;
+-----------+-----------------+-------------------------------------------------+------+
; Fmax      ; Restricted Fmax ; Clock Name                                      ; Note ;
+-----------+-----------------+-------------------------------------------------+------+
; 34.14 MHz ; 34.14 MHz       ; pll|altpll_component|auto_generated|pll1|clk[0] ;      ;
; 56.69 MHz ; 56.69 MHz       ; pll|altpll_component|auto_generated|pll1|clk[1] ;      ;
; 86.35 MHz ; 86.35 MHz       ; pll|altpll_component|auto_generated|pll1|clk[2] ;      ;
+-----------+-----------------+-------------------------------------------------+------+
This panel reports FMAX for every clock in the design, regardless of the user-specified clock periods.  FMAX is only computed for paths where the source and destination registers or ports are driven by the same clock.  Paths of different clocks, including generated clocks, are ignored.  For paths between a clock and its inversion, FMAX is computed as if the rising and falling edges are scaled along with FMAX, such that the duty cycle (in terms of a percentage) is maintained. Altera recommends that you always use clock constraints and other slack reports for sign-off analysis.


+--------------------------------------------------------------------------+
; Slow 1200mV 0C Model Setup Summary                                       ;
+-------------------------------------------------+--------+---------------+
; Clock                                           ; Slack  ; End Point TNS ;
+-------------------------------------------------+--------+---------------+
; pll|altpll_component|auto_generated|pll1|clk[2] ; 5.171  ; 0.000         ;
; pll|altpll_component|auto_generated|pll1|clk[1] ; 6.363  ; 0.000         ;
; pll|altpll_component|auto_generated|pll1|clk[0] ; 26.726 ; 0.000         ;
+-------------------------------------------------+--------+---------------+


+-------------------------------------------------------------------------+
; Slow 1200mV 0C Model Hold Summary                                       ;
+-------------------------------------------------+-------+---------------+
; Clock                                           ; Slack ; End Point TNS ;
+-------------------------------------------------+-------+---------------+
; pll|altpll_component|auto_generated|pll1|clk[1] ; 0.274 ; 0.000         ;
; pll|altpll_component|auto_generated|pll1|clk[2] ; 0.347 ; 0.000         ;
; pll|altpll_component|auto_generated|pll1|clk[0] ; 0.360 ; 0.000         ;
+-------------------------------------------------+-------+---------------+


-----------------------------------------
; Slow 1200mV 0C Model Recovery Summary ;
-----------------------------------------
No paths to report.


----------------------------------------
; Slow 1200mV 0C Model Removal Summary ;
----------------------------------------
No paths to report.


+--------------------------------------------------------------------------+
; Slow 1200mV 0C Model Minimum Pulse Width Summary                         ;
+-------------------------------------------------+--------+---------------+
; Clock                                           ; Slack  ; End Point TNS ;
+-------------------------------------------------+--------+---------------+
; MAX10_CLK1_50                                   ; 9.783  ; 0.000         ;
; pll|altpll_component|auto_generated|pll1|clk[2] ; 19.697 ; 0.000         ;
; pll|altpll_component|auto_generated|pll1|clk[1] ; 99.670 ; 0.000         ;
; pll|altpll_component|auto_generated|pll1|clk[0] ; 99.712 ; 0.000         ;
+-------------------------------------------------+--------+---------------+


----------------------------------------------
; Slow 1200mV 0C Model Metastability Summary ;
----------------------------------------------
The design MTBF is not calculated because there are no specified synchronizers in the design.
Number of Synchronizer Chains Found: 1
Shortest Synchronizer Chain: 2 Registers
Fraction of Chains for which MTBFs Could Not be Calculated: 1.000
Worst Case Available Settling Time: 395.897 ns




+--------------------------------------------------------------------------+
; Fast 1200mV 0C Model Setup Summary                                       ;
+-------------------------------------------------+--------+---------------+
; Clock                                           ; Slack  ; End Point TNS ;
+-------------------------------------------------+--------+---------------+
; pll|altpll_component|auto_generated|pll1|clk[2] ; 12.018 ; 0.000         ;
; pll|altpll_component|auto_generated|pll1|clk[1] ; 12.557 ; 0.000         ;
; pll|altpll_component|auto_generated|pll1|clk[0] ; 32.900 ; 0.000         ;
+-------------------------------------------------+--------+---------------+


+-------------------------------------------------------------------------+
; Fast 1200mV 0C Model Hold Summary                                       ;
+-------------------------------------------------+-------+---------------+
; Clock                                           ; Slack ; End Point TNS ;
+-------------------------------------------------+-------+---------------+
; pll|altpll_component|auto_generated|pll1|clk[1] ; 0.158 ; 0.000         ;
; pll|altpll_component|auto_generated|pll1|clk[2] ; 0.207 ; 0.000         ;
; pll|altpll_component|auto_generated|pll1|clk[0] ; 0.212 ; 0.000         ;
+-------------------------------------------------+-------+---------------+


-----------------------------------------
; Fast 1200mV 0C Model Recovery Summary ;
-----------------------------------------
No paths to report.


----------------------------------------
; Fast 1200mV 0C Model Removal Summary ;
----------------------------------------
No paths to report.


+--------------------------------------------------------------------------+
; Fast 1200mV 0C Model Minimum Pulse Width Summary                         ;
+-------------------------------------------------+--------+---------------+
; Clock                                           ; Slack  ; End Point TNS ;
+-------------------------------------------------+--------+---------------+
; MAX10_CLK1_50                                   ; 9.530  ; 0.000         ;
; pll|altpll_component|auto_generated|pll1|clk[2] ; 19.721 ; 0.000         ;
; pll|altpll_component|auto_generated|pll1|clk[1] ; 99.711 ; 0.000         ;
; pll|altpll_component|auto_generated|pll1|clk[0] ; 99.800 ; 0.000         ;
+-------------------------------------------------+--------+---------------+


----------------------------------------------
; Fast 1200mV 0C Model Metastability Summary ;
----------------------------------------------
The design MTBF is not calculated because there are no specified synchronizers in the design.
Number of Synchronizer Chains Found: 1
Shortest Synchronizer Chain: 2 Registers
Fraction of Chains for which MTBFs Could Not be Calculated: 1.000
Worst Case Available Settling Time: 397.724 ns




+--------------------------------------------------------------------------------------------------------------+
; Multicorner Timing Analysis Summary                                                                          ;
+--------------------------------------------------+--------+-------+----------+---------+---------------------+
; Clock                                            ; Setup  ; Hold  ; Recovery ; Removal ; Minimum Pulse Width ;
+--------------------------------------------------+--------+-------+----------+---------+---------------------+
; Worst-case Slack                                 ; 3.671  ; 0.158 ; N/A      ; N/A     ; 9.530               ;
;  MAX10_CLK1_50                                   ; N/A    ; N/A   ; N/A      ; N/A     ; 9.530               ;
;  pll|altpll_component|auto_generated|pll1|clk[0] ; 25.363 ; 0.212 ; N/A      ; N/A     ; 99.712              ;
;  pll|altpll_component|auto_generated|pll1|clk[1] ; 4.922  ; 0.158 ; N/A      ; N/A     ; 99.650              ;
;  pll|altpll_component|auto_generated|pll1|clk[2] ; 3.671  ; 0.207 ; N/A      ; N/A     ; 19.684              ;
; Design-wide TNS                                  ; 0.0    ; 0.0   ; 0.0      ; 0.0     ; 0.0                 ;
;  MAX10_CLK1_50                                   ; N/A    ; N/A   ; N/A      ; N/A     ; 0.000               ;
;  pll|altpll_component|auto_generated|pll1|clk[0] ; 0.000  ; 0.000 ; N/A      ; N/A     ; 0.000               ;
;  pll|altpll_component|auto_generated|pll1|clk[1] ; 0.000  ; 0.000 ; N/A      ; N/A     ; 0.000               ;
;  pll|altpll_component|auto_generated|pll1|clk[2] ; 0.000  ; 0.000 ; N/A      ; N/A     ; 0.000               ;
+--------------------------------------------------+--------+-------+----------+---------+---------------------+


+-----------------------------------------------------------------------------------------------------------------------------------------------------------------------------------------------------------------------------------------------------------------------------------------------------------------------------------------------------------------------------------------------------------------+
; Board Trace Model Assignments                                                                                                                                                                                                                                                                                                                                                                                   ;
+--------------+--------------+-------------------+-------------------------+-------------------------+---------------+---------------------+----------------+------------------+--------+------------------+------------------------+------------------------+--------------+---------------+-----------------+-------+---------------------+--------------------+---------------+-----------------+-------------+
; Pin          ; I/O Standard ; Near Tline Length ; Near Tline L per Length ; Near Tline C per Length ; Near Series R ; Near Differential R ; Near Pull-up R ; Near Pull-down R ; Near C ; Far Tline Length ; Far Tline L per Length ; Far Tline C per Length ; Far Series R ; Far Pull-up R ; Far Pull-down R ; Far C ; Termination Voltage ; Far Differential R ; EBD File Name ; EBD Signal Name ; EBD Far-end ;
+--------------+--------------+-------------------+-------------------------+-------------------------+---------------+---------------------+----------------+------------------+--------+------------------+------------------------+------------------------+--------------+---------------+-----------------+-------+---------------------+--------------------+---------------+-----------------+-------------+
; LEDR[0]      ; 3.3-V LVTTL  ; 0 in              ; 0 H/in                  ; 0 F/in                  ; short         ; -                   ; open           ; open             ; open   ; 0 in             ; 0 H/in                 ; 0 F/in                 ; short        ; open          ; open            ; open  ; 0 V                 ; -                  ; n/a           ; n/a             ; n/a         ;
; LEDR[1]      ; 3.3-V LVTTL  ; 0 in              ; 0 H/in                  ; 0 F/in                  ; short         ; -                   ; open           ; open             ; open   ; 0 in             ; 0 H/in                 ; 0 F/in                 ; short        ; open          ; open            ; open  ; 0 V                 ; -                  ; n/a           ; n/a             ; n/a         ;
; LEDR[2]      ; 3.3-V LVTTL  ; 0 in              ; 0 H/in                  ; 0 F/in                  ; short         ; -                   ; open           ; open             ; open   ; 0 in             ; 0 H/in                 ; 0 F/in                 ; short        ; open          ; open            ; open  ; 0 V                 ; -                  ; n/a           ; n/a             ; n/a         ;
; LEDR[3]      ; 3.3-V LVTTL  ; 0 in              ; 0 H/in                  ; 0 F/in                  ; short         ; -                   ; open           ; open             ; open   ; 0 in             ; 0 H/in                 ; 0 F/in                 ; short        ; open          ; open            ; open  ; 0 V                 ; -                  ; n/a           ; n/a             ; n/a         ;
; LEDR[4]      ; 3.3-V LVTTL  ; 0 in              ; 0 H/in                  ; 0 F/in                  ; short         ; -                   ; open           ; open             ; open   ; 0 in             ; 0 H/in                 ; 0 F/in                 ; short        ; open          ; open            ; open  ; 0 V                 ; -                  ; n/a           ; n/a             ; n/a         ;
; LEDR[5]      ; 3.3-V LVTTL  ; 0 in              ; 0 H/in                  ; 0 F/in                  ; short         ; -                   ; open           ; open             ; open   ; 0 in             ; 0 H/in                 ; 0 F/in                 ; short        ; open          ; open            ; open  ; 0 V                 ; -                  ; n/a           ; n/a             ; n/a         ;
; LEDR[6]      ; 3.3-V LVTTL  ; 0 in              ; 0 H/in                  ; 0 F/in                  ; short         ; -                   ; open           ; open             ; open   ; 0 in             ; 0 H/in                 ; 0 F/in                 ; short        ; open          ; open            ; open  ; 0 V                 ; -                  ; n/a           ; n/a             ; n/a         ;
; LEDR[7]      ; 3.3-V LVTTL  ; 0 in              ; 0 H/in                  ; 0 F/in                  ; short         ; -                   ; open           ; open             ; open   ; 0 in             ; 0 H/in                 ; 0 F/in                 ; short        ; open          ; open            ; open  ; 0 V                 ; -                  ; n/a           ; n/a             ; n/a         ;
; LEDR[8]      ; 3.3-V LVTTL  ; 0 in              ; 0 H/in                  ; 0 F/in                  ; short         ; -                   ; open           ; open             ; open   ; 0 in             ; 0 H/in                 ; 0 F/in                 ; short        ; open          ; open            ; open  ; 0 V                 ; -                  ; n/a           ; n/a             ; n/a         ;
; LEDR[9]      ; 3.3-V LVTTL  ; 0 in              ; 0 H/in                  ; 0 F/in                  ; short         ; -                   ; open           ; open             ; open   ; 0 in             ; 0 H/in                 ; 0 F/in                 ; short        ; open          ; open            ; open  ; 0 V                 ; -                  ; n/a           ; n/a             ; n/a         ;
; VGA_R[0]     ; 3.3-V LVTTL  ; 0 in              ; 0 H/in                  ; 0 F/in                  ; short         ; -                   ; open           ; open             ; open   ; 0 in             ; 0 H/in                 ; 0 F/in                 ; short        ; open          ; open            ; open  ; 0 V                 ; -                  ; n/a           ; n/a             ; n/a         ;
; VGA_R[1]     ; 3.3-V LVTTL  ; 0 in              ; 0 H/in                  ; 0 F/in                  ; short         ; -                   ; open           ; open             ; open   ; 0 in             ; 0 H/in                 ; 0 F/in                 ; short        ; open          ; open            ; open  ; 0 V                 ; -                  ; n/a           ; n/a             ; n/a         ;
; VGA_R[2]     ; 3.3-V LVTTL  ; 0 in              ; 0 H/in                  ; 0 F/in                  ; short         ; -                   ; open           ; open             ; open   ; 0 in             ; 0 H/in                 ; 0 F/in                 ; short        ; open          ; open            ; open  ; 0 V                 ; -                  ; n/a           ; n/a             ; n/a         ;
; VGA_R[3]     ; 3.3-V LVTTL  ; 0 in              ; 0 H/in                  ; 0 F/in                  ; short         ; -                   ; open           ; open             ; open   ; 0 in             ; 0 H/in                 ; 0 F/in                 ; short        ; open          ; open            ; open  ; 0 V                 ; -                  ; n/a           ; n/a             ; n/a         ;
; VGA_G[0]     ; 3.3-V LVTTL  ; 0 in              ; 0 H/in                  ; 0 F/in                  ; short         ; -                   ; open           ; open             ; open   ; 0 in             ; 0 H/in                 ; 0 F/in                 ; short        ; open          ; open            ; open  ; 0 V                 ; -                  ; n/a           ; n/a             ; n/a         ;
; VGA_G[1]     ; 3.3-V LVTTL  ; 0 in              ; 0 H/in                  ; 0 F/in                  ; short         ; -                   ; open           ; open             ; open   ; 0 in             ; 0 H/in                 ; 0 F/in                 ; short        ; open          ; open            ; open  ; 0 V                 ; -                  ; n/a           ; n/a             ; n/a         ;
; VGA_G[2]     ; 3.3-V LVTTL  ; 0 in              ; 0 H/in                  ; 0 F/in                  ; short         ; -                   ; open           ; open             ; open   ; 0 in             ; 0 H/in                 ; 0 F/in                 ; short        ; open          ; open            ; open  ; 0 V                 ; -                  ; n/a           ; n/a             ; n/a         ;
; VGA_G[3]     ; 3.3-V LVTTL  ; 0 in              ; 0 H/in                  ; 0 F/in                  ; short         ; -                   ; open           ; open             ; open   ; 0 in             ; 0 H/in                 ; 0 F/in                 ; short        ; open          ; open            ; open  ; 0 V                 ; -                  ; n/a           ; n/a             ; n/a         ;
; VGA_B[0]     ; 3.3-V LVTTL  ; 0 in              ; 0 H/in                  ; 0 F/in                  ; short         ; -                   ; open           ; open             ; open   ; 0 in             ; 0 H/in                 ; 0 F/in                 ; short        ; open          ; open            ; open  ; 0 V                 ; -                  ; n/a           ; n/a             ; n/a         ;
; VGA_B[1]     ; 3.3-V LVTTL  ; 0 in              ; 0 H/in                  ; 0 F/in                  ; short         ; -                   ; open           ; open             ; open   ; 0 in             ; 0 H/in                 ; 0 F/in                 ; short        ; open          ; open            ; open  ; 0 V                 ; -                  ; n/a           ; n/a             ; n/a         ;
; VGA_B[2]     ; 3.3-V LVTTL  ; 0 in              ; 0 H/in                  ; 0 F/in                  ; short         ; -                   ; open           ; open             ; open   ; 0 in             ; 0 H/in                 ; 0 F/in                 ; short        ; open          ; open            ; open  ; 0 V                 ; -                  ; n/a           ; n/a             ; n/a         ;
; VGA_B[3]     ; 3.3-V LVTTL  ; 0 in              ; 0 H/in                  ; 0 F/in                  ; short         ; -                   ; open           ; open             ; open   ; 0 in             ; 0 H/in                 ; 0 F/in                 ; short        ; open          ; open            ; open  ; 0 V                 ; -                  ; n/a           ; n/a             ; n/a         ;
; VGA_HS       ; 3.3-V LVTTL  ; 0 in              ; 0 H/in                  ; 0 F/in                  ; short         ; -                   ; open           ; open             ; open   ; 0 in             ; 0 H/in                 ; 0 F/in                 ; short        ; open          ; open            ; open  ; 0 V                 ; -                  ; n/a           ; n/a             ; n/a         ;
; VGA_VS       ; 3.3-V LVTTL  ; 0 in              ; 0 H/in                  ; 0 F/in                  ; short         ; -                   ; open           ; open             ; open   ; 0 in             ; 0 H/in                 ; 0 F/in                 ; short        ; open          ; open            ; open  ; 0 V                 ; -                  ; n/a           ; n/a             ; n/a         ;
; GPIO[0]      ; 3.3-V LVTTL  ; 0 in              ; 0 H/in                  ; 0 F/in                  ; short         ; -                   ; open           ; open             ; open   ; 0 in             ; 0 H/in                 ; 0 F/in                 ; short        ; open          ; open            ; open  ; 0 V                 ; -                  ; n/a           ; n/a             ; n/a         ;
; GPIO[1]      ; 3.3-V LVTTL  ; 0 in              ; 0 H/in                  ; 0 F/in                  ; short         ; -                   ; open           ; open             ; open   ; 0 in             ; 0 H/in                 ; 0 F/in                 ; short        ; open          ; open            ; open  ; 0 V                 ; -                  ; n/a           ; n/a             ; n/a         ;
; GPIO[2]      ; 3.3-V LVTTL  ; 0 in              ; 0 H/in                  ; 0 F/in                  ; short         ; -                   ; open           ; open             ; open   ; 0 in             ; 0 H/in                 ; 0 F/in                 ; short        ; open          ; open            ; open  ; 0 V                 ; -                  ; n/a           ; n/a             ; n/a         ;
; GPIO[3]      ; 3.3-V LVTTL  ; 0 in              ; 0 H/in                  ; 0 F/in                  ; short         ; -                   ; open           ; open             ; open   ; 0 in             ; 0 H/in                 ; 0 F/in                 ; short        ; open          ; open            ; open  ; 0 V                 ; -                  ; n/a           ; n/a             ; n/a         ;
; GPIO[4]      ; 3.3-V LVTTL  ; 0 in              ; 0 H/in                  ; 0 F/in                  ; short         ; -                   ; open           ; open             ; open   ; 0 in             ; 0 H/in                 ; 0 F/in                 ; short        ; open          ; open            ; open  ; 0 V                 ; -                  ; n/a           ; n/a             ; n/a         ;
; GPIO[5]      ; 3.3-V LVTTL  ; 0 in              ; 0 H/in                  ; 0 F/in                  ; short         ; -                   ; open           ; open             ; open   ; 0 in             ; 0 H/in                 ; 0 F/in                 ; short        ; open          ; open            ; open  ; 0 V                 ; -                  ; n/a           ; n/a             ; n/a         ;
; GPIO[6]      ; 3.3-V LVTTL  ; 0 in              ; 0 H/in                  ; 0 F/in                  ; short         ; -                   ; open           ; open             ; open   ; 0 in             ; 0 H/in                 ; 0 F/in                 ; short        ; open          ; open            ; open  ; 0 V                 ; -                  ; n/a           ; n/a             ; n/a         ;
; GPIO[7]      ; 3.3-V LVTTL  ; 0 in              ; 0 H/in                  ; 0 F/in                  ; short         ; -                   ; open           ; open             ; open   ; 0 in             ; 0 H/in                 ; 0 F/in                 ; short        ; open          ; open            ; open  ; 0 V                 ; -                  ; n/a           ; n/a             ; n/a         ;
; GPIO[8]      ; 3.3-V LVTTL  ; 0 in              ; 0 H/in                  ; 0 F/in                  ; short         ; -                   ; open           ; open             ; open   ; 0 in             ; 0 H/in                 ; 0 F/in                 ; short        ; open          ; open            ; open  ; 0 V                 ; -                  ; n/a           ; n/a             ; n/a         ;
; GPIO[9]      ; 3.3-V LVTTL  ; 0 in              ; 0 H/in                  ; 0 F/in                  ; short         ; -                   ; open           ; open             ; open   ; 0 in             ; 0 H/in                 ; 0 F/in                 ; short        ; open          ; open            ; open  ; 0 V                 ; -                  ; n/a           ; n/a             ; n/a         ;
; GPIO[10]     ; 3.3-V LVTTL  ; 0 in              ; 0 H/in                  ; 0 F/in                  ; short         ; -                   ; open           ; open             ; open   ; 0 in             ; 0 H/in                 ; 0 F/in                 ; short        ; open          ; open            ; open  ; 0 V                 ; -                  ; n/a           ; n/a             ; n/a         ;
; GPIO[11]     ; 3.3-V LVTTL  ; 0 in              ; 0 H/in                  ; 0 F/in                  ; short         ; -                   ; open           ; open             ; open   ; 0 in             ; 0 H/in                 ; 0 F/in                 ; short        ; open          ; open            ; open  ; 0 V                 ; -                  ; n/a           ; n/a             ; n/a         ;
; GPIO[12]     ; 3.3-V LVTTL  ; 0 in              ; 0 H/in                  ; 0 F/in                  ; short         ; -                   ; open           ; open             ; open   ; 0 in             ; 0 H/in                 ; 0 F/in                 ; short        ; open          ; open            ; open  ; 0 V                 ; -                  ; n/a           ; n/a             ; n/a         ;
; GPIO[13]     ; 3.3-V LVTTL  ; 0 in              ; 0 H/in                  ; 0 F/in                  ; short         ; -                   ; open           ; open             ; open   ; 0 in             ; 0 H/in                 ; 0 F/in                 ; short        ; open          ; open            ; open  ; 0 V                 ; -                  ; n/a           ; n/a             ; n/a         ;
; GPIO[14]     ; 3.3-V LVTTL  ; 0 in              ; 0 H/in                  ; 0 F/in                  ; short         ; -                   ; open           ; open             ; open   ; 0 in             ; 0 H/in                 ; 0 F/in                 ; short        ; open          ; open            ; open  ; 0 V                 ; -                  ; n/a           ; n/a             ; n/a         ;
; GPIO[15]     ; 3.3-V LVTTL  ; 0 in              ; 0 H/in                  ; 0 F/in                  ; short         ; -                   ; open           ; open             ; open   ; 0 in             ; 0 H/in                 ; 0 F/in                 ; short        ; open          ; open            ; open  ; 0 V                 ; -                  ; n/a           ; n/a             ; n/a         ;
; GPIO[16]     ; 3.3-V LVTTL  ; 0 in              ; 0 H/in                  ; 0 F/in                  ; short         ; -                   ; open           ; open             ; open   ; 0 in             ; 0 H/in                 ; 0 F/in                 ; short        ; open          ; open            ; open  ; 0 V                 ; -                  ; n/a           ; n/a             ; n/a         ;
; GPIO[17]     ; 3.3-V LVTTL  ; 0 in              ; 0 H/in                  ; 0 F/in                  ; short         ; -                   ; open           ; open             ; open   ; 0 in             ; 0 H/in                 ; 0 F/in                 ; short        ; open          ; open            ; open  ; 0 V                 ; -                  ; n/a           ; n/a             ; n/a         ;
; GPIO[18]     ; 3.3-V LVTTL  ; 0 in              ; 0 H/in                  ; 0 F/in                  ; short         ; -                   ; open           ; open             ; open   ; 0 in             ; 0 H/in                 ; 0 F/in                 ; short        ; open          ; open            ; open  ; 0 V                 ; -                  ; n/a           ; n/a             ; n/a         ;
; GPIO[19]     ; 3.3-V LVTTL  ; 0 in              ; 0 H/in                  ; 0 F/in                  ; short         ; -                   ; open           ; open             ; open   ; 0 in             ; 0 H/in                 ; 0 F/in                 ; short        ; open          ; open            ; open  ; 0 V                 ; -                  ; n/a           ; n/a             ; n/a         ;
; GPIO[20]     ; 3.3-V LVTTL  ; 0 in              ; 0 H/in                  ; 0 F/in                  ; short         ; -                   ; open           ; open             ; open   ; 0 in             ; 0 H/in                 ; 0 F/in                 ; short        ; open          ; open            ; open  ; 0 V                 ; -                  ; n/a           ; n/a             ; n/a         ;
; GPIO[21]     ; 3.3-V LVTTL  ; 0 in              ; 0 H/in                  ; 0 F/in                  ; short         ; -                   ; open           ; open             ; open   ; 0 in             ; 0 H/in                 ; 0 F/in                 ; short        ; open          ; open            ; open  ; 0 V                 ; -                  ; n/a           ; n/a             ; n/a         ;
; GPIO[22]     ; 3.3-V LVTTL  ; 0 in              ; 0 H/in                  ; 0 F/in                  ; short         ; -                   ; open           ; open             ; open   ; 0 in             ; 0 H/in                 ; 0 F/in                 ; short        ; open          ; open            ; open  ; 0 V                 ; -                  ; n/a           ; n/a             ; n/a         ;
; GPIO[23]     ; 3.3-V LVTTL  ; 0 in              ; 0 H/in                  ; 0 F/in                  ; short         ; -                   ; open           ; open             ; open   ; 0 in             ; 0 H/in                 ; 0 F/in                 ; short        ; open          ; open            ; open  ; 0 V                 ; -                  ; n/a           ; n/a             ; n/a         ;
; GPIO[24]     ; 3.3-V LVTTL  ; 0 in              ; 0 H/in                  ; 0 F/in                  ; short         ; -                   ; open           ; open             ; open   ; 0 in             ; 0 H/in                 ; 0 F/in                 ; short        ; open          ; open            ; open  ; 0 V                 ; -                  ; n/a           ; n/a             ; n/a         ;
; GPIO[25]     ; 3.3-V LVTTL  ; 0 in              ; 0 H/in                  ; 0 F/in                  ; short         ; -                   ; open           ; open             ; open   ; 0 in             ; 0 H/in                 ; 0 F/in                 ; short        ; open          ; open            ; open  ; 0 V                 ; -                  ; n/a           ; n/a             ; n/a         ;
; GPIO[26]     ; 3.3-V LVTTL  ; 0 in              ; 0 H/in                  ; 0 F/in                  ; short         ; -                   ; open           ; open             ; open   ; 0 in             ; 0 H/in                 ; 0 F/in                 ; short        ; open          ; open            ; open  ; 0 V                 ; -                  ; n/a           ; n/a             ; n/a         ;
; GPIO[27]     ; 3.3-V LVTTL  ; 0 in              ; 0 H/in                  ; 0 F/in                  ; short         ; -                   ; open           ; open             ; open   ; 0 in             ; 0 H/in                 ; 0 F/in                 ; short        ; open          ; open            ; open  ; 0 V                 ; -                  ; n/a           ; n/a             ; n/a         ;
; GPIO[28]     ; 3.3-V LVTTL  ; 0 in              ; 0 H/in                  ; 0 F/in                  ; short         ; -                   ; open           ; open             ; open   ; 0 in             ; 0 H/in                 ; 0 F/in                 ; short        ; open          ; open            ; open  ; 0 V                 ; -                  ; n/a           ; n/a             ; n/a         ;
; GPIO[29]     ; 3.3-V LVTTL  ; 0 in              ; 0 H/in                  ; 0 F/in                  ; short         ; -                   ; open           ; open             ; open   ; 0 in             ; 0 H/in                 ; 0 F/in                 ; short        ; open          ; open            ; open  ; 0 V                 ; -                  ; n/a           ; n/a             ; n/a         ;
; GPIO[30]     ; 3.3-V LVTTL  ; 0 in              ; 0 H/in                  ; 0 F/in                  ; short         ; -                   ; open           ; open             ; open   ; 0 in             ; 0 H/in                 ; 0 F/in                 ; short        ; open          ; open            ; open  ; 0 V                 ; -                  ; n/a           ; n/a             ; n/a         ;
; GPIO[31]     ; 3.3-V LVTTL  ; 0 in              ; 0 H/in                  ; 0 F/in                  ; short         ; -                   ; open           ; open             ; open   ; 0 in             ; 0 H/in                 ; 0 F/in                 ; short        ; open          ; open            ; open  ; 0 V                 ; -                  ; n/a           ; n/a             ; n/a         ;
; GPIO[32]     ; 3.3-V LVTTL  ; 0 in              ; 0 H/in                  ; 0 F/in                  ; short         ; -                   ; open           ; open             ; open   ; 0 in             ; 0 H/in                 ; 0 F/in                 ; short        ; open          ; open            ; open  ; 0 V                 ; -                  ; n/a           ; n/a             ; n/a         ;
; GPIO[33]     ; 3.3-V LVTTL  ; 0 in              ; 0 H/in                  ; 0 F/in                  ; short         ; -                   ; open           ; open             ; open   ; 0 in             ; 0 H/in                 ; 0 F/in                 ; short        ; open          ; open            ; open  ; 0 V                 ; -                  ; n/a           ; n/a             ; n/a         ;
; GPIO[34]     ; 3.3-V LVTTL  ; 0 in              ; 0 H/in                  ; 0 F/in                  ; short         ; -                   ; open           ; open             ; open   ; 0 in             ; 0 H/in                 ; 0 F/in                 ; short        ; open          ; open            ; open  ; 0 V                 ; -                  ; n/a           ; n/a             ; n/a         ;
; GPIO[35]     ; 3.3-V LVTTL  ; 0 in              ; 0 H/in                  ; 0 F/in                  ; short         ; -                   ; open           ; open             ; open   ; 0 in             ; 0 H/in                 ; 0 F/in                 ; short        ; open          ; open            ; open  ; 0 V                 ; -                  ; n/a           ; n/a             ; n/a         ;
; ~ALTERA_TDO~ ; 2.5 V        ; 0 in              ; 0 H/in                  ; 0 F/in                  ; short         ; -                   ; open           ; open             ; open   ; 0 in             ; 0 H/in                 ; 0 F/in                 ; short        ; open          ; open            ; open  ; 0 V                 ; -                  ; n/a           ; n/a             ; n/a         ;
+--------------+--------------+-------------------+-------------------------+-------------------------+---------------+---------------------+----------------+------------------+--------+------------------+------------------------+------------------------+--------------+---------------+-----------------+-------+---------------------+--------------------+---------------+-----------------+-------------+


+---------------------------------------------------------------------------------+
; Input Transition Times                                                          ;
+---------------------+-----------------------+-----------------+-----------------+
; Pin                 ; I/O Standard          ; 10-90 Rise Time ; 90-10 Fall Time ;
+---------------------+-----------------------+-----------------+-----------------+
; KEY[1]              ; 3.3 V Schmitt Trigger ; 2640 ps         ; 2640 ps         ;
; GPIO[0]             ; 3.3-V LVTTL           ; 2640 ps         ; 2640 ps         ;
; GPIO[1]             ; 3.3-V LVTTL           ; 2640 ps         ; 2640 ps         ;
; GPIO[2]             ; 3.3-V LVTTL           ; 2640 ps         ; 2640 ps         ;
; GPIO[3]             ; 3.3-V LVTTL           ; 2640 ps         ; 2640 ps         ;
; GPIO[4]             ; 3.3-V LVTTL           ; 2640 ps         ; 2640 ps         ;
; GPIO[5]             ; 3.3-V LVTTL           ; 2640 ps         ; 2640 ps         ;
; GPIO[6]             ; 3.3-V LVTTL           ; 2640 ps         ; 2640 ps         ;
; GPIO[7]             ; 3.3-V LVTTL           ; 2640 ps         ; 2640 ps         ;
; GPIO[8]             ; 3.3-V LVTTL           ; 2640 ps         ; 2640 ps         ;
; GPIO[9]             ; 3.3-V LVTTL           ; 2640 ps         ; 2640 ps         ;
; GPIO[10]            ; 3.3-V LVTTL           ; 2640 ps         ; 2640 ps         ;
; GPIO[11]            ; 3.3-V LVTTL           ; 2640 ps         ; 2640 ps         ;
; GPIO[12]            ; 3.3-V LVTTL           ; 2640 ps         ; 2640 ps         ;
; GPIO[13]            ; 3.3-V LVTTL           ; 2640 ps         ; 2640 ps         ;
; GPIO[14]            ; 3.3-V LVTTL           ; 2640 ps         ; 2640 ps         ;
; GPIO[15]            ; 3.3-V LVTTL           ; 2640 ps         ; 2640 ps         ;
; GPIO[16]            ; 3.3-V LVTTL           ; 2640 ps         ; 2640 ps         ;
; GPIO[17]            ; 3.3-V LVTTL           ; 2640 ps         ; 2640 ps         ;
; GPIO[18]            ; 3.3-V LVTTL           ; 2640 ps         ; 2640 ps         ;
; GPIO[19]            ; 3.3-V LVTTL           ; 2640 ps         ; 2640 ps         ;
; GPIO[20]            ; 3.3-V LVTTL           ; 2640 ps         ; 2640 ps         ;
; GPIO[21]            ; 3.3-V LVTTL           ; 2640 ps         ; 2640 ps         ;
; GPIO[22]            ; 3.3-V LVTTL           ; 2640 ps         ; 2640 ps         ;
; GPIO[23]            ; 3.3-V LVTTL           ; 2640 ps         ; 2640 ps         ;
; GPIO[24]            ; 3.3-V LVTTL           ; 2640 ps         ; 2640 ps         ;
; GPIO[25]            ; 3.3-V LVTTL           ; 2640 ps         ; 2640 ps         ;
; GPIO[26]            ; 3.3-V LVTTL           ; 2640 ps         ; 2640 ps         ;
; GPIO[27]            ; 3.3-V LVTTL           ; 2640 ps         ; 2640 ps         ;
; GPIO[28]            ; 3.3-V LVTTL           ; 2640 ps         ; 2640 ps         ;
; GPIO[29]            ; 3.3-V LVTTL           ; 2640 ps         ; 2640 ps         ;
; GPIO[30]            ; 3.3-V LVTTL           ; 2640 ps         ; 2640 ps         ;
; GPIO[31]            ; 3.3-V LVTTL           ; 2640 ps         ; 2640 ps         ;
; GPIO[32]            ; 3.3-V LVTTL           ; 2640 ps         ; 2640 ps         ;
; GPIO[33]            ; 3.3-V LVTTL           ; 2640 ps         ; 2640 ps         ;
; GPIO[34]            ; 3.3-V LVTTL           ; 2640 ps         ; 2640 ps         ;
; GPIO[35]            ; 3.3-V LVTTL           ; 2640 ps         ; 2640 ps         ;
; KEY[0]              ; 3.3 V Schmitt Trigger ; 2640 ps         ; 2640 ps         ;
; MAX10_CLK1_50       ; 3.3-V LVTTL           ; 2640 ps         ; 2640 ps         ;
; ~ALTERA_TMS~        ; 2.5 V Schmitt Trigger ; 2000 ps         ; 2000 ps         ;
; ~ALTERA_TCK~        ; 2.5 V Schmitt Trigger ; 2000 ps         ; 2000 ps         ;
; ~ALTERA_TDI~        ; 2.5 V Schmitt Trigger ; 2000 ps         ; 2000 ps         ;
; ~ALTERA_CONFIG_SEL~ ; 2.5 V                 ; 2000 ps         ; 2000 ps         ;
; ~ALTERA_nCONFIG~    ; 2.5 V Schmitt Trigger ; 2000 ps         ; 2000 ps         ;
; ~ALTERA_nSTATUS~    ; 2.5 V Schmitt Trigger ; 2000 ps         ; 2000 ps         ;
; ~ALTERA_CONF_DONE~  ; 2.5 V Schmitt Trigger ; 2000 ps         ; 2000 ps         ;
+---------------------+-----------------------+-----------------+-----------------+


+-------------------------------------------------------------------------------------------------------------------------------------------------------------------------------------------------------------------------------------------------------------------------------------------------------------------------------------------------------------------------------------------------------------------------------------------------------------------------------------------------------------------------------------------------------------------------------------------------------------------------------------------------------------------------------------------+
; Signal Integrity Metrics (Slow 1200mv 0c Model)                                                                                                                                                                                                                                                                                                                                                                                                                                                                                                                                                                                                                                           ;
+--------------+--------------+---------------------+---------------------+------------------------------+------------------------------+---------------------+---------------------+--------------------------------------+--------------------------------------+-----------------------------+-----------------------------+----------------------------+----------------------------+-----------------------------+-----------------------------+--------------------+--------------------+-------------------------------------+-------------------------------------+----------------------------+----------------------------+---------------------------+---------------------------+
; Pin          ; I/O Standard ; Board Delay on Rise ; Board Delay on Fall ; Steady State Voh at FPGA Pin ; Steady State Vol at FPGA Pin ; Voh Max at FPGA Pin ; Vol Min at FPGA Pin ; Ringback Voltage on Rise at FPGA Pin ; Ringback Voltage on Fall at FPGA Pin ; 10-90 Rise Time at FPGA Pin ; 90-10 Fall Time at FPGA Pin ; Monotonic Rise at FPGA Pin ; Monotonic Fall at FPGA Pin ; Steady State Voh at Far-end ; Steady State Vol at Far-end ; Voh Max at Far-end ; Vol Min at Far-end ; Ringback Voltage on Rise at Far-end ; Ringback Voltage on Fall at Far-end ; 10-90 Rise Time at Far-end ; 90-10 Fall Time at Far-end ; Monotonic Rise at Far-end ; Monotonic Fall at Far-end ;
+--------------+--------------+---------------------+---------------------+------------------------------+------------------------------+---------------------+---------------------+--------------------------------------+--------------------------------------+-----------------------------+-----------------------------+----------------------------+----------------------------+-----------------------------+-----------------------------+--------------------+--------------------+-------------------------------------+-------------------------------------+----------------------------+----------------------------+---------------------------+---------------------------+
; LEDR[0]      ; 3.3-V LVTTL  ; 0 s                 ; 0 s                 ; 3.08 V                       ; 5.27e-08 V                   ; 3.23 V              ; -0.106 V            ; 0.46 V                               ; 0.281 V                              ; 3.06e-10 s                  ; 4.34e-10 s                  ; No                         ; Yes                        ; 3.08 V                      ; 5.27e-08 V                  ; 3.23 V             ; -0.106 V           ; 0.46 V                              ; 0.281 V                             ; 3.06e-10 s                 ; 4.34e-10 s                 ; No                        ; Yes                       ;
; LEDR[1]      ; 3.3-V LVTTL  ; 0 s                 ; 0 s                 ; 3.08 V                       ; 5.27e-08 V                   ; 3.23 V              ; -0.107 V            ; 0.46 V                               ; 0.279 V                              ; 3.06e-10 s                  ; 4.34e-10 s                  ; No                         ; Yes                        ; 3.08 V                      ; 5.27e-08 V                  ; 3.23 V             ; -0.107 V           ; 0.46 V                              ; 0.279 V                             ; 3.06e-10 s                 ; 4.34e-10 s                 ; No                        ; Yes                       ;
; LEDR[2]      ; 3.3-V LVTTL  ; 0 s                 ; 0 s                 ; 3.08 V                       ; 5.27e-08 V                   ; 3.23 V              ; -0.106 V            ; 0.46 V                               ; 0.281 V                              ; 3.06e-10 s                  ; 4.34e-10 s                  ; No                         ; Yes                        ; 3.08 V                      ; 5.27e-08 V                  ; 3.23 V             ; -0.106 V           ; 0.46 V                              ; 0.281 V                             ; 3.06e-10 s                 ; 4.34e-10 s                 ; No                        ; Yes                       ;
; LEDR[3]      ; 3.3-V LVTTL  ; 0 s                 ; 0 s                 ; 3.08 V                       ; 5.27e-08 V                   ; 3.23 V              ; -0.107 V            ; 0.46 V                               ; 0.279 V                              ; 3.06e-10 s                  ; 4.34e-10 s                  ; No                         ; Yes                        ; 3.08 V                      ; 5.27e-08 V                  ; 3.23 V             ; -0.107 V           ; 0.46 V                              ; 0.279 V                             ; 3.06e-10 s                 ; 4.34e-10 s                 ; No                        ; Yes                       ;
; LEDR[4]      ; 3.3-V LVTTL  ; 0 s                 ; 0 s                 ; 3.08 V                       ; 5.27e-08 V                   ; 3.23 V              ; -0.106 V            ; 0.46 V                               ; 0.281 V                              ; 3.06e-10 s                  ; 4.34e-10 s                  ; No                         ; Yes                        ; 3.08 V                      ; 5.27e-08 V                  ; 3.23 V             ; -0.106 V           ; 0.46 V                              ; 0.281 V                             ; 3.06e-10 s                 ; 4.34e-10 s                 ; No                        ; Yes                       ;
; LEDR[5]      ; 3.3-V LVTTL  ; 0 s                 ; 0 s                 ; 3.08 V                       ; 5.27e-08 V                   ; 3.23 V              ; -0.106 V            ; 0.46 V                               ; 0.281 V                              ; 3.06e-10 s                  ; 4.34e-10 s                  ; No                         ; Yes                        ; 3.08 V                      ; 5.27e-08 V                  ; 3.23 V             ; -0.106 V           ; 0.46 V                              ; 0.281 V                             ; 3.06e-10 s                 ; 4.34e-10 s                 ; No                        ; Yes                       ;
; LEDR[6]      ; 3.3-V LVTTL  ; 0 s                 ; 0 s                 ; 3.08 V                       ; 5.27e-08 V                   ; 3.23 V              ; -0.106 V            ; 0.46 V                               ; 0.281 V                              ; 3.06e-10 s                  ; 4.34e-10 s                  ; No                         ; Yes                        ; 3.08 V                      ; 5.27e-08 V                  ; 3.23 V             ; -0.106 V           ; 0.46 V                              ; 0.281 V                             ; 3.06e-10 s                 ; 4.34e-10 s                 ; No                        ; Yes                       ;
; LEDR[7]      ; 3.3-V LVTTL  ; 0 s                 ; 0 s                 ; 3.08 V                       ; 5.27e-08 V                   ; 3.23 V              ; -0.107 V            ; 0.46 V                               ; 0.279 V                              ; 3.06e-10 s                  ; 4.34e-10 s                  ; No                         ; Yes                        ; 3.08 V                      ; 5.27e-08 V                  ; 3.23 V             ; -0.107 V           ; 0.46 V                              ; 0.279 V                             ; 3.06e-10 s                 ; 4.34e-10 s                 ; No                        ; Yes                       ;
; LEDR[8]      ; 3.3-V LVTTL  ; 0 s                 ; 0 s                 ; 3.08 V                       ; 5.27e-08 V                   ; 3.23 V              ; -0.107 V            ; 0.46 V                               ; 0.279 V                              ; 3.06e-10 s                  ; 4.34e-10 s                  ; No                         ; Yes                        ; 3.08 V                      ; 5.27e-08 V                  ; 3.23 V             ; -0.107 V           ; 0.46 V                              ; 0.279 V                             ; 3.06e-10 s                 ; 4.34e-10 s                 ; No                        ; Yes                       ;
; LEDR[9]      ; 3.3-V LVTTL  ; 0 s                 ; 0 s                 ; 3.08 V                       ; 5.27e-08 V                   ; 3.23 V              ; -0.106 V            ; 0.46 V                               ; 0.281 V                              ; 3.06e-10 s                  ; 4.34e-10 s                  ; No                         ; Yes                        ; 3.08 V                      ; 5.27e-08 V                  ; 3.23 V             ; -0.106 V           ; 0.46 V                              ; 0.281 V                             ; 3.06e-10 s                 ; 4.34e-10 s                 ; No                        ; Yes                       ;
; VGA_R[0]     ; 3.3-V LVTTL  ; 0 s                 ; 0 s                 ; 3.08 V                       ; 5.27e-08 V                   ; 3.23 V              ; -0.106 V            ; 0.46 V                               ; 0.281 V                              ; 3.06e-10 s                  ; 4.34e-10 s                  ; No                         ; Yes                        ; 3.08 V                      ; 5.27e-08 V                  ; 3.23 V             ; -0.106 V           ; 0.46 V                              ; 0.281 V                             ; 3.06e-10 s                 ; 4.34e-10 s                 ; No                        ; Yes                       ;
; VGA_R[1]     ; 3.3-V LVTTL  ; 0 s                 ; 0 s                 ; 3.08 V                       ; 5.27e-08 V                   ; 3.23 V              ; -0.107 V            ; 0.46 V                               ; 0.279 V                              ; 3.06e-10 s                  ; 4.34e-10 s                  ; No                         ; Yes                        ; 3.08 V                      ; 5.27e-08 V                  ; 3.23 V             ; -0.107 V           ; 0.46 V                              ; 0.279 V                             ; 3.06e-10 s                 ; 4.34e-10 s                 ; No                        ; Yes                       ;
; VGA_R[2]     ; 3.3-V LVTTL  ; 0 s                 ; 0 s                 ; 3.08 V                       ; 5.27e-08 V                   ; 3.23 V              ; -0.107 V            ; 0.46 V                               ; 0.279 V                              ; 3.06e-10 s                  ; 4.34e-10 s                  ; No                         ; Yes                        ; 3.08 V                      ; 5.27e-08 V                  ; 3.23 V             ; -0.107 V           ; 0.46 V                              ; 0.279 V                             ; 3.06e-10 s                 ; 4.34e-10 s                 ; No                        ; Yes                       ;
; VGA_R[3]     ; 3.3-V LVTTL  ; 0 s                 ; 0 s                 ; 3.08 V                       ; 5.27e-08 V                   ; 3.23 V              ; -0.106 V            ; 0.46 V                               ; 0.281 V                              ; 3.06e-10 s                  ; 4.34e-10 s                  ; No                         ; Yes                        ; 3.08 V                      ; 5.27e-08 V                  ; 3.23 V             ; -0.106 V           ; 0.46 V                              ; 0.281 V                             ; 3.06e-10 s                 ; 4.34e-10 s                 ; No                        ; Yes                       ;
; VGA_G[0]     ; 3.3-V LVTTL  ; 0 s                 ; 0 s                 ; 3.08 V                       ; 5.27e-08 V                   ; 3.23 V              ; -0.106 V            ; 0.46 V                               ; 0.281 V                              ; 3.06e-10 s                  ; 4.34e-10 s                  ; No                         ; Yes                        ; 3.08 V                      ; 5.27e-08 V                  ; 3.23 V             ; -0.106 V           ; 0.46 V                              ; 0.281 V                             ; 3.06e-10 s                 ; 4.34e-10 s                 ; No                        ; Yes                       ;
; VGA_G[1]     ; 3.3-V LVTTL  ; 0 s                 ; 0 s                 ; 3.08 V                       ; 5.27e-08 V                   ; 3.23 V              ; -0.107 V            ; 0.46 V                               ; 0.279 V                              ; 3.06e-10 s                  ; 4.34e-10 s                  ; No                         ; Yes                        ; 3.08 V                      ; 5.27e-08 V                  ; 3.23 V             ; -0.107 V           ; 0.46 V                              ; 0.279 V                             ; 3.06e-10 s                 ; 4.34e-10 s                 ; No                        ; Yes                       ;
; VGA_G[2]     ; 3.3-V LVTTL  ; 0 s                 ; 0 s                 ; 3.08 V                       ; 5.27e-08 V                   ; 3.23 V              ; -0.107 V            ; 0.46 V                               ; 0.279 V                              ; 3.06e-10 s                  ; 4.34e-10 s                  ; No                         ; Yes                        ; 3.08 V                      ; 5.27e-08 V                  ; 3.23 V             ; -0.107 V           ; 0.46 V                              ; 0.279 V                             ; 3.06e-10 s                 ; 4.34e-10 s                 ; No                        ; Yes                       ;
; VGA_G[3]     ; 3.3-V LVTTL  ; 0 s                 ; 0 s                 ; 3.08 V                       ; 5.27e-08 V                   ; 3.23 V              ; -0.106 V            ; 0.46 V                               ; 0.281 V                              ; 3.06e-10 s                  ; 4.34e-10 s                  ; No                         ; Yes                        ; 3.08 V                      ; 5.27e-08 V                  ; 3.23 V             ; -0.106 V           ; 0.46 V                              ; 0.281 V                             ; 3.06e-10 s                 ; 4.34e-10 s                 ; No                        ; Yes                       ;
; VGA_B[0]     ; 3.3-V LVTTL  ; 0 s                 ; 0 s                 ; 3.08 V                       ; 5.27e-08 V                   ; 3.23 V              ; -0.106 V            ; 0.46 V                               ; 0.281 V                              ; 3.06e-10 s                  ; 4.34e-10 s                  ; No                         ; Yes                        ; 3.08 V                      ; 5.27e-08 V                  ; 3.23 V             ; -0.106 V           ; 0.46 V                              ; 0.281 V                             ; 3.06e-10 s                 ; 4.34e-10 s                 ; No                        ; Yes                       ;
; VGA_B[1]     ; 3.3-V LVTTL  ; 0 s                 ; 0 s                 ; 3.08 V                       ; 5.27e-08 V                   ; 3.23 V              ; -0.106 V            ; 0.46 V                               ; 0.281 V                              ; 3.06e-10 s                  ; 4.34e-10 s                  ; No                         ; Yes                        ; 3.08 V                      ; 5.27e-08 V                  ; 3.23 V             ; -0.106 V           ; 0.46 V                              ; 0.281 V                             ; 3.06e-10 s                 ; 4.34e-10 s                 ; No                        ; Yes                       ;
; VGA_B[2]     ; 3.3-V LVTTL  ; 0 s                 ; 0 s                 ; 3.08 V                       ; 5.27e-08 V                   ; 3.23 V              ; -0.106 V            ; 0.46 V                               ; 0.281 V                              ; 3.06e-10 s                  ; 4.34e-10 s                  ; No                         ; Yes                        ; 3.08 V                      ; 5.27e-08 V                  ; 3.23 V             ; -0.106 V           ; 0.46 V                              ; 0.281 V                             ; 3.06e-10 s                 ; 4.34e-10 s                 ; No                        ; Yes                       ;
; VGA_B[3]     ; 3.3-V LVTTL  ; 0 s                 ; 0 s                 ; 3.08 V                       ; 5.27e-08 V                   ; 3.23 V              ; -0.107 V            ; 0.46 V                               ; 0.279 V                              ; 3.06e-10 s                  ; 4.34e-10 s                  ; No                         ; Yes                        ; 3.08 V                      ; 5.27e-08 V                  ; 3.23 V             ; -0.107 V           ; 0.46 V                              ; 0.279 V                             ; 3.06e-10 s                 ; 4.34e-10 s                 ; No                        ; Yes                       ;
; VGA_HS       ; 3.3-V LVTTL  ; 0 s                 ; 0 s                 ; 3.08 V                       ; 5.27e-08 V                   ; 3.23 V              ; -0.106 V            ; 0.46 V                               ; 0.281 V                              ; 3.06e-10 s                  ; 4.34e-10 s                  ; No                         ; Yes                        ; 3.08 V                      ; 5.27e-08 V                  ; 3.23 V             ; -0.106 V           ; 0.46 V                              ; 0.281 V                             ; 3.06e-10 s                 ; 4.34e-10 s                 ; No                        ; Yes                       ;
; VGA_VS       ; 3.3-V LVTTL  ; 0 s                 ; 0 s                 ; 3.08 V                       ; 5.27e-08 V                   ; 3.23 V              ; -0.107 V            ; 0.46 V                               ; 0.279 V                              ; 3.06e-10 s                  ; 4.34e-10 s                  ; No                         ; Yes                        ; 3.08 V                      ; 5.27e-08 V                  ; 3.23 V             ; -0.107 V           ; 0.46 V                              ; 0.279 V                             ; 3.06e-10 s                 ; 4.34e-10 s                 ; No                        ; Yes                       ;
; GPIO[0]      ; 3.3-V LVTTL  ; 0 s                 ; 0 s                 ; 3.08 V                       ; 5.27e-08 V                   ; 3.22 V              ; -0.0943 V           ; 0.264 V                              ; 0.35 V                               ; 4.56e-10 s                  ; 4.63e-10 s                  ; No                         ; No                         ; 3.08 V                      ; 5.27e-08 V                  ; 3.22 V             ; -0.0943 V          ; 0.264 V                             ; 0.35 V                              ; 4.56e-10 s                 ; 4.63e-10 s                 ; No                        ; No                        ;
; GPIO[1]      ; 3.3-V LVTTL  ; 0 s                 ; 0 s                 ; 3.08 V                       ; 5.27e-08 V                   ; 3.22 V              ; -0.0943 V           ; 0.264 V                              ; 0.35 V                               ; 4.56e-10 s                  ; 4.63e-10 s                  ; No                         ; No                         ; 3.08 V                      ; 5.27e-08 V                  ; 3.22 V             ; -0.0943 V          ; 0.264 V                             ; 0.35 V                              ; 4.56e-10 s                 ; 4.63e-10 s                 ; No                        ; No                        ;
; GPIO[2]      ; 3.3-V LVTTL  ; 0 s                 ; 0 s                 ; 3.08 V                       ; 5.27e-08 V                   ; 3.22 V              ; -0.0937 V           ; 0.265 V                              ; 0.351 V                              ; 4.55e-10 s                  ; 4.64e-10 s                  ; No                         ; No                         ; 3.08 V                      ; 5.27e-08 V                  ; 3.22 V             ; -0.0937 V          ; 0.265 V                             ; 0.351 V                             ; 4.55e-10 s                 ; 4.64e-10 s                 ; No                        ; No                        ;
; GPIO[3]      ; 3.3-V LVTTL  ; 0 s                 ; 0 s                 ; 3.08 V                       ; 5.27e-08 V                   ; 3.22 V              ; -0.0937 V           ; 0.265 V                              ; 0.351 V                              ; 4.55e-10 s                  ; 4.64e-10 s                  ; No                         ; No                         ; 3.08 V                      ; 5.27e-08 V                  ; 3.22 V             ; -0.0937 V          ; 0.265 V                             ; 0.351 V                             ; 4.55e-10 s                 ; 4.64e-10 s                 ; No                        ; No                        ;
; GPIO[4]      ; 3.3-V LVTTL  ; 0 s                 ; 0 s                 ; 3.08 V                       ; 5.27e-08 V                   ; 3.22 V              ; -0.0943 V           ; 0.264 V                              ; 0.35 V                               ; 4.56e-10 s                  ; 4.63e-10 s                  ; No                         ; No                         ; 3.08 V                      ; 5.27e-08 V                  ; 3.22 V             ; -0.0943 V          ; 0.264 V                             ; 0.35 V                              ; 4.56e-10 s                 ; 4.63e-10 s                 ; No                        ; No                        ;
; GPIO[5]      ; 3.3-V LVTTL  ; 0 s                 ; 0 s                 ; 3.08 V                       ; 5.27e-08 V                   ; 3.22 V              ; -0.0943 V           ; 0.264 V                              ; 0.35 V                               ; 4.56e-10 s                  ; 4.63e-10 s                  ; No                         ; No                         ; 3.08 V                      ; 5.27e-08 V                  ; 3.22 V             ; -0.0943 V          ; 0.264 V                             ; 0.35 V                              ; 4.56e-10 s                 ; 4.63e-10 s                 ; No                        ; No                        ;
; GPIO[6]      ; 3.3-V LVTTL  ; 0 s                 ; 0 s                 ; 3.08 V                       ; 5.27e-08 V                   ; 3.22 V              ; -0.0937 V           ; 0.265 V                              ; 0.351 V                              ; 4.55e-10 s                  ; 4.64e-10 s                  ; No                         ; No                         ; 3.08 V                      ; 5.27e-08 V                  ; 3.22 V             ; -0.0937 V          ; 0.265 V                             ; 0.351 V                             ; 4.55e-10 s                 ; 4.64e-10 s                 ; No                        ; No                        ;
; GPIO[7]      ; 3.3-V LVTTL  ; 0 s                 ; 0 s                 ; 3.08 V                       ; 5.27e-08 V                   ; 3.22 V              ; -0.0937 V           ; 0.265 V                              ; 0.351 V                              ; 4.55e-10 s                  ; 4.64e-10 s                  ; No                         ; No                         ; 3.08 V                      ; 5.27e-08 V                  ; 3.22 V             ; -0.0937 V          ; 0.265 V                             ; 0.351 V                             ; 4.55e-10 s                 ; 4.64e-10 s                 ; No                        ; No                        ;
; GPIO[8]      ; 3.3-V LVTTL  ; 0 s                 ; 0 s                 ; 3.08 V                       ; 5.27e-08 V                   ; 3.22 V              ; -0.0943 V           ; 0.264 V                              ; 0.35 V                               ; 4.56e-10 s                  ; 4.63e-10 s                  ; No                         ; No                         ; 3.08 V                      ; 5.27e-08 V                  ; 3.22 V             ; -0.0943 V          ; 0.264 V                             ; 0.35 V                              ; 4.56e-10 s                 ; 4.63e-10 s                 ; No                        ; No                        ;
; GPIO[9]      ; 3.3-V LVTTL  ; 0 s                 ; 0 s                 ; 3.08 V                       ; 5.27e-08 V                   ; 3.23 V              ; -0.107 V            ; 0.46 V                               ; 0.279 V                              ; 3.06e-10 s                  ; 4.34e-10 s                  ; No                         ; Yes                        ; 3.08 V                      ; 5.27e-08 V                  ; 3.23 V             ; -0.107 V           ; 0.46 V                              ; 0.279 V                             ; 3.06e-10 s                 ; 4.34e-10 s                 ; No                        ; Yes                       ;
; GPIO[10]     ; 3.3-V LVTTL  ; 0 s                 ; 0 s                 ; 3.08 V                       ; 5.27e-08 V                   ; 3.22 V              ; -0.0937 V           ; 0.265 V                              ; 0.351 V                              ; 4.55e-10 s                  ; 4.64e-10 s                  ; No                         ; No                         ; 3.08 V                      ; 5.27e-08 V                  ; 3.22 V             ; -0.0937 V          ; 0.265 V                             ; 0.351 V                             ; 4.55e-10 s                 ; 4.64e-10 s                 ; No                        ; No                        ;
; GPIO[11]     ; 3.3-V LVTTL  ; 0 s                 ; 0 s                 ; 3.08 V                       ; 5.27e-08 V                   ; 3.23 V              ; -0.106 V            ; 0.46 V                               ; 0.281 V                              ; 3.06e-10 s                  ; 4.34e-10 s                  ; No                         ; Yes                        ; 3.08 V                      ; 5.27e-08 V                  ; 3.23 V             ; -0.106 V           ; 0.46 V                              ; 0.281 V                             ; 3.06e-10 s                 ; 4.34e-10 s                 ; No                        ; Yes                       ;
; GPIO[12]     ; 3.3-V LVTTL  ; 0 s                 ; 0 s                 ; 3.08 V                       ; 5.27e-08 V                   ; 3.23 V              ; -0.106 V            ; 0.46 V                               ; 0.281 V                              ; 3.06e-10 s                  ; 4.34e-10 s                  ; No                         ; Yes                        ; 3.08 V                      ; 5.27e-08 V                  ; 3.23 V             ; -0.106 V           ; 0.46 V                              ; 0.281 V                             ; 3.06e-10 s                 ; 4.34e-10 s                 ; No                        ; Yes                       ;
; GPIO[13]     ; 3.3-V LVTTL  ; 0 s                 ; 0 s                 ; 3.08 V                       ; 5.27e-08 V                   ; 3.23 V              ; -0.107 V            ; 0.46 V                               ; 0.279 V                              ; 3.06e-10 s                  ; 4.34e-10 s                  ; No                         ; Yes                        ; 3.08 V                      ; 5.27e-08 V                  ; 3.23 V             ; -0.107 V           ; 0.46 V                              ; 0.279 V                             ; 3.06e-10 s                 ; 4.34e-10 s                 ; No                        ; Yes                       ;
; GPIO[14]     ; 3.3-V LVTTL  ; 0 s                 ; 0 s                 ; 3.08 V                       ; 5.27e-08 V                   ; 3.23 V              ; -0.106 V            ; 0.46 V                               ; 0.281 V                              ; 3.06e-10 s                  ; 4.34e-10 s                  ; No                         ; Yes                        ; 3.08 V                      ; 5.27e-08 V                  ; 3.23 V             ; -0.106 V           ; 0.46 V                              ; 0.281 V                             ; 3.06e-10 s                 ; 4.34e-10 s                 ; No                        ; Yes                       ;
; GPIO[15]     ; 3.3-V LVTTL  ; 0 s                 ; 0 s                 ; 3.08 V                       ; 5.27e-08 V                   ; 3.23 V              ; -0.107 V            ; 0.46 V                               ; 0.279 V                              ; 3.06e-10 s                  ; 4.34e-10 s                  ; No                         ; Yes                        ; 3.08 V                      ; 5.27e-08 V                  ; 3.23 V             ; -0.107 V           ; 0.46 V                              ; 0.279 V                             ; 3.06e-10 s                 ; 4.34e-10 s                 ; No                        ; Yes                       ;
; GPIO[16]     ; 3.3-V LVTTL  ; 0 s                 ; 0 s                 ; 3.08 V                       ; 5.27e-08 V                   ; 3.23 V              ; -0.106 V            ; 0.46 V                               ; 0.281 V                              ; 3.06e-10 s                  ; 4.34e-10 s                  ; No                         ; Yes                        ; 3.08 V                      ; 5.27e-08 V                  ; 3.23 V             ; -0.106 V           ; 0.46 V                              ; 0.281 V                             ; 3.06e-10 s                 ; 4.34e-10 s                 ; No                        ; Yes                       ;
; GPIO[17]     ; 3.3-V LVTTL  ; 0 s                 ; 0 s                 ; 3.08 V                       ; 5.27e-08 V                   ; 3.23 V              ; -0.107 V            ; 0.46 V                               ; 0.279 V                              ; 3.06e-10 s                  ; 4.34e-10 s                  ; No                         ; Yes                        ; 3.08 V                      ; 5.27e-08 V                  ; 3.23 V             ; -0.107 V           ; 0.46 V                              ; 0.279 V                             ; 3.06e-10 s                 ; 4.34e-10 s                 ; No                        ; Yes                       ;
; GPIO[18]     ; 3.3-V LVTTL  ; 0 s                 ; 0 s                 ; 3.08 V                       ; 5.27e-08 V                   ; 3.23 V              ; -0.107 V            ; 0.46 V                               ; 0.279 V                              ; 3.06e-10 s                  ; 4.34e-10 s                  ; No                         ; Yes                        ; 3.08 V                      ; 5.27e-08 V                  ; 3.23 V             ; -0.107 V           ; 0.46 V                              ; 0.279 V                             ; 3.06e-10 s                 ; 4.34e-10 s                 ; No                        ; Yes                       ;
; GPIO[19]     ; 3.3-V LVTTL  ; 0 s                 ; 0 s                 ; 3.08 V                       ; 5.27e-08 V                   ; 3.23 V              ; -0.106 V            ; 0.46 V                               ; 0.281 V                              ; 3.06e-10 s                  ; 4.34e-10 s                  ; No                         ; Yes                        ; 3.08 V                      ; 5.27e-08 V                  ; 3.23 V             ; -0.106 V           ; 0.46 V                              ; 0.281 V                             ; 3.06e-10 s                 ; 4.34e-10 s                 ; No                        ; Yes                       ;
; GPIO[20]     ; 3.3-V LVTTL  ; 0 s                 ; 0 s                 ; 3.08 V                       ; 5.27e-08 V                   ; 3.23 V              ; -0.106 V            ; 0.46 V                               ; 0.281 V                              ; 3.06e-10 s                  ; 4.34e-10 s                  ; No                         ; Yes                        ; 3.08 V                      ; 5.27e-08 V                  ; 3.23 V             ; -0.106 V           ; 0.46 V                              ; 0.281 V                             ; 3.06e-10 s                 ; 4.34e-10 s                 ; No                        ; Yes                       ;
; GPIO[21]     ; 3.3-V LVTTL  ; 0 s                 ; 0 s                 ; 3.08 V                       ; 5.27e-08 V                   ; 3.22 V              ; -0.0943 V           ; 0.264 V                              ; 0.35 V                               ; 4.56e-10 s                  ; 4.63e-10 s                  ; No                         ; No                         ; 3.08 V                      ; 5.27e-08 V                  ; 3.22 V             ; -0.0943 V          ; 0.264 V                             ; 0.35 V                              ; 4.56e-10 s                 ; 4.63e-10 s                 ; No                        ; No                        ;
; GPIO[22]     ; 3.3-V LVTTL  ; 0 s                 ; 0 s                 ; 3.08 V                       ; 5.27e-08 V                   ; 3.23 V              ; -0.106 V            ; 0.46 V                               ; 0.281 V                              ; 3.06e-10 s                  ; 4.34e-10 s                  ; No                         ; Yes                        ; 3.08 V                      ; 5.27e-08 V                  ; 3.23 V             ; -0.106 V           ; 0.46 V                              ; 0.281 V                             ; 3.06e-10 s                 ; 4.34e-10 s                 ; No                        ; Yes                       ;
; GPIO[23]     ; 3.3-V LVTTL  ; 0 s                 ; 0 s                 ; 3.08 V                       ; 5.27e-08 V                   ; 3.23 V              ; -0.107 V            ; 0.46 V                               ; 0.279 V                              ; 3.06e-10 s                  ; 4.34e-10 s                  ; No                         ; Yes                        ; 3.08 V                      ; 5.27e-08 V                  ; 3.23 V             ; -0.107 V           ; 0.46 V                              ; 0.279 V                             ; 3.06e-10 s                 ; 4.34e-10 s                 ; No                        ; Yes                       ;
; GPIO[24]     ; 3.3-V LVTTL  ; 0 s                 ; 0 s                 ; 3.08 V                       ; 5.27e-08 V                   ; 3.23 V              ; -0.106 V            ; 0.46 V                               ; 0.281 V                              ; 3.06e-10 s                  ; 4.34e-10 s                  ; No                         ; Yes                        ; 3.08 V                      ; 5.27e-08 V                  ; 3.23 V             ; -0.106 V           ; 0.46 V                              ; 0.281 V                             ; 3.06e-10 s                 ; 4.34e-10 s                 ; No                        ; Yes                       ;
; GPIO[25]     ; 3.3-V LVTTL  ; 0 s                 ; 0 s                 ; 3.08 V                       ; 5.27e-08 V                   ; 3.23 V              ; -0.106 V            ; 0.46 V                               ; 0.281 V                              ; 3.06e-10 s                  ; 4.34e-10 s                  ; No                         ; Yes                        ; 3.08 V                      ; 5.27e-08 V                  ; 3.23 V             ; -0.106 V           ; 0.46 V                              ; 0.281 V                             ; 3.06e-10 s                 ; 4.34e-10 s                 ; No                        ; Yes                       ;
; GPIO[26]     ; 3.3-V LVTTL  ; 0 s                 ; 0 s                 ; 3.08 V                       ; 5.27e-08 V                   ; 3.22 V              ; -0.0943 V           ; 0.264 V                              ; 0.35 V                               ; 4.56e-10 s                  ; 4.63e-10 s                  ; No                         ; No                         ; 3.08 V                      ; 5.27e-08 V                  ; 3.22 V             ; -0.0943 V          ; 0.264 V                             ; 0.35 V                              ; 4.56e-10 s                 ; 4.63e-10 s                 ; No                        ; No                        ;
; GPIO[27]     ; 3.3-V LVTTL  ; 0 s                 ; 0 s                 ; 3.08 V                       ; 5.27e-08 V                   ; 3.23 V              ; -0.107 V            ; 0.46 V                               ; 0.279 V                              ; 3.06e-10 s                  ; 4.34e-10 s                  ; No                         ; Yes                        ; 3.08 V                      ; 5.27e-08 V                  ; 3.23 V             ; -0.107 V           ; 0.46 V                              ; 0.279 V                             ; 3.06e-10 s                 ; 4.34e-10 s                 ; No                        ; Yes                       ;
; GPIO[28]     ; 3.3-V LVTTL  ; 0 s                 ; 0 s                 ; 3.08 V                       ; 5.27e-08 V                   ; 3.22 V              ; -0.0937 V           ; 0.265 V                              ; 0.351 V                              ; 4.55e-10 s                  ; 4.64e-10 s                  ; No                         ; No                         ; 3.08 V                      ; 5.27e-08 V                  ; 3.22 V             ; -0.0937 V          ; 0.265 V                             ; 0.351 V                             ; 4.55e-10 s                 ; 4.64e-10 s                 ; No                        ; No                        ;
; GPIO[29]     ; 3.3-V LVTTL  ; 0 s                 ; 0 s                 ; 3.08 V                       ; 5.27e-08 V                   ; 3.23 V              ; -0.106 V            ; 0.46 V                               ; 0.281 V                              ; 3.06e-10 s                  ; 4.34e-10 s                  ; No                         ; Yes                        ; 3.08 V                      ; 5.27e-08 V                  ; 3.23 V             ; -0.106 V           ; 0.46 V                              ; 0.281 V                             ; 3.06e-10 s                 ; 4.34e-10 s                 ; No                        ; Yes                       ;
; GPIO[30]     ; 3.3-V LVTTL  ; 0 s                 ; 0 s                 ; 3.08 V                       ; 5.27e-08 V                   ; 3.23 V              ; -0.106 V            ; 0.46 V                               ; 0.281 V                              ; 3.06e-10 s                  ; 4.34e-10 s                  ; No                         ; Yes                        ; 3.08 V                      ; 5.27e-08 V                  ; 3.23 V             ; -0.106 V           ; 0.46 V                              ; 0.281 V                             ; 3.06e-10 s                 ; 4.34e-10 s                 ; No                        ; Yes                       ;
; GPIO[31]     ; 3.3-V LVTTL  ; 0 s                 ; 0 s                 ; 3.08 V                       ; 5.27e-08 V                   ; 3.23 V              ; -0.107 V            ; 0.46 V                               ; 0.279 V                              ; 3.06e-10 s                  ; 4.34e-10 s                  ; No                         ; Yes                        ; 3.08 V                      ; 5.27e-08 V                  ; 3.23 V             ; -0.107 V           ; 0.46 V                              ; 0.279 V                             ; 3.06e-10 s                 ; 4.34e-10 s                 ; No                        ; Yes                       ;
; GPIO[32]     ; 3.3-V LVTTL  ; 0 s                 ; 0 s                 ; 3.08 V                       ; 5.27e-08 V                   ; 3.23 V              ; -0.107 V            ; 0.46 V                               ; 0.279 V                              ; 3.06e-10 s                  ; 4.34e-10 s                  ; No                         ; Yes                        ; 3.08 V                      ; 5.27e-08 V                  ; 3.23 V             ; -0.107 V           ; 0.46 V                              ; 0.279 V                             ; 3.06e-10 s                 ; 4.34e-10 s                 ; No                        ; Yes                       ;
; GPIO[33]     ; 3.3-V LVTTL  ; 0 s                 ; 0 s                 ; 3.08 V                       ; 5.27e-08 V                   ; 3.23 V              ; -0.106 V            ; 0.46 V                               ; 0.281 V                              ; 3.06e-10 s                  ; 4.34e-10 s                  ; No                         ; Yes                        ; 3.08 V                      ; 5.27e-08 V                  ; 3.23 V             ; -0.106 V           ; 0.46 V                              ; 0.281 V                             ; 3.06e-10 s                 ; 4.34e-10 s                 ; No                        ; Yes                       ;
; GPIO[34]     ; 3.3-V LVTTL  ; 0 s                 ; 0 s                 ; 3.08 V                       ; 5.27e-08 V                   ; 3.23 V              ; -0.106 V            ; 0.46 V                               ; 0.281 V                              ; 3.06e-10 s                  ; 4.34e-10 s                  ; No                         ; Yes                        ; 3.08 V                      ; 5.27e-08 V                  ; 3.23 V             ; -0.106 V           ; 0.46 V                              ; 0.281 V                             ; 3.06e-10 s                 ; 4.34e-10 s                 ; No                        ; Yes                       ;
; GPIO[35]     ; 3.3-V LVTTL  ; 0 s                 ; 0 s                 ; 3.08 V                       ; 5.27e-08 V                   ; 3.23 V              ; -0.107 V            ; 0.46 V                               ; 0.279 V                              ; 3.06e-10 s                  ; 4.34e-10 s                  ; No                         ; Yes                        ; 3.08 V                      ; 5.27e-08 V                  ; 3.23 V             ; -0.107 V           ; 0.46 V                              ; 0.279 V                             ; 3.06e-10 s                 ; 4.34e-10 s                 ; No                        ; Yes                       ;
; ~ALTERA_TDO~ ; 2.5 V        ; 0 s                 ; 0 s                 ; 2.32 V                       ; 1.97e-08 V                   ; 2.4 V               ; -0.023 V            ; 0.201 V                              ; 0.081 V                              ; 4.59e-10 s                  ; 5.51e-10 s                  ; No                         ; Yes                        ; 2.32 V                      ; 1.97e-08 V                  ; 2.4 V              ; -0.023 V           ; 0.201 V                             ; 0.081 V                             ; 4.59e-10 s                 ; 5.51e-10 s                 ; No                        ; Yes                       ;
+--------------+--------------+---------------------+---------------------+------------------------------+------------------------------+---------------------+---------------------+--------------------------------------+--------------------------------------+-----------------------------+-----------------------------+----------------------------+----------------------------+-----------------------------+-----------------------------+--------------------+--------------------+-------------------------------------+-------------------------------------+----------------------------+----------------------------+---------------------------+---------------------------+


+-------------------------------------------------------------------------------------------------------------------------------------------------------------------------------------------------------------------------------------------------------------------------------------------------------------------------------------------------------------------------------------------------------------------------------------------------------------------------------------------------------------------------------------------------------------------------------------------------------------------------------------------------------------------------------------------+
; Signal Integrity Metrics (Slow 1200mv 85c Model)                                                                                                                                                                                                                                                                                                                                                                                                                                                                                                                                                                                                                                          ;
+--------------+--------------+---------------------+---------------------+------------------------------+------------------------------+---------------------+---------------------+--------------------------------------+--------------------------------------+-----------------------------+-----------------------------+----------------------------+----------------------------+-----------------------------+-----------------------------+--------------------+--------------------+-------------------------------------+-------------------------------------+----------------------------+----------------------------+---------------------------+---------------------------+
; Pin          ; I/O Standard ; Board Delay on Rise ; Board Delay on Fall ; Steady State Voh at FPGA Pin ; Steady State Vol at FPGA Pin ; Voh Max at FPGA Pin ; Vol Min at FPGA Pin ; Ringback Voltage on Rise at FPGA Pin ; Ringback Voltage on Fall at FPGA Pin ; 10-90 Rise Time at FPGA Pin ; 90-10 Fall Time at FPGA Pin ; Monotonic Rise at FPGA Pin ; Monotonic Fall at FPGA Pin ; Steady State Voh at Far-end ; Steady State Vol at Far-end ; Voh Max at Far-end ; Vol Min at Far-end ; Ringback Voltage on Rise at Far-end ; Ringback Voltage on Fall at Far-end ; 10-90 Rise Time at Far-end ; 90-10 Fall Time at Far-end ; Monotonic Rise at Far-end ; Monotonic Fall at Far-end ;
+--------------+--------------+---------------------+---------------------+------------------------------+------------------------------+---------------------+---------------------+--------------------------------------+--------------------------------------+-----------------------------+-----------------------------+----------------------------+----------------------------+-----------------------------+-----------------------------+--------------------+--------------------+-------------------------------------+-------------------------------------+----------------------------+----------------------------+---------------------------+---------------------------+
; LEDR[0]      ; 3.3-V LVTTL  ; 0 s                 ; 0 s                 ; 3.08 V                       ; 5.35e-06 V                   ; 3.17 V              ; -0.0587 V           ; 0.248 V                              ; 0.173 V                              ; 4.61e-10 s                  ; 6e-10 s                     ; No                         ; No                         ; 3.08 V                      ; 5.35e-06 V                  ; 3.17 V             ; -0.0587 V          ; 0.248 V                             ; 0.173 V                             ; 4.61e-10 s                 ; 6e-10 s                    ; No                        ; No                        ;
; LEDR[1]      ; 3.3-V LVTTL  ; 0 s                 ; 0 s                 ; 3.08 V                       ; 5.35e-06 V                   ; 3.17 V              ; -0.0592 V           ; 0.248 V                              ; 0.172 V                              ; 4.61e-10 s                  ; 6e-10 s                     ; No                         ; No                         ; 3.08 V                      ; 5.35e-06 V                  ; 3.17 V             ; -0.0592 V          ; 0.248 V                             ; 0.172 V                             ; 4.61e-10 s                 ; 6e-10 s                    ; No                        ; No                        ;
; LEDR[2]      ; 3.3-V LVTTL  ; 0 s                 ; 0 s                 ; 3.08 V                       ; 5.35e-06 V                   ; 3.17 V              ; -0.0587 V           ; 0.248 V                              ; 0.173 V                              ; 4.61e-10 s                  ; 6e-10 s                     ; No                         ; No                         ; 3.08 V                      ; 5.35e-06 V                  ; 3.17 V             ; -0.0587 V          ; 0.248 V                             ; 0.173 V                             ; 4.61e-10 s                 ; 6e-10 s                    ; No                        ; No                        ;
; LEDR[3]      ; 3.3-V LVTTL  ; 0 s                 ; 0 s                 ; 3.08 V                       ; 5.35e-06 V                   ; 3.17 V              ; -0.0592 V           ; 0.248 V                              ; 0.172 V                              ; 4.61e-10 s                  ; 6e-10 s                     ; No                         ; No                         ; 3.08 V                      ; 5.35e-06 V                  ; 3.17 V             ; -0.0592 V          ; 0.248 V                             ; 0.172 V                             ; 4.61e-10 s                 ; 6e-10 s                    ; No                        ; No                        ;
; LEDR[4]      ; 3.3-V LVTTL  ; 0 s                 ; 0 s                 ; 3.08 V                       ; 5.35e-06 V                   ; 3.17 V              ; -0.0587 V           ; 0.248 V                              ; 0.173 V                              ; 4.61e-10 s                  ; 6e-10 s                     ; No                         ; No                         ; 3.08 V                      ; 5.35e-06 V                  ; 3.17 V             ; -0.0587 V          ; 0.248 V                             ; 0.173 V                             ; 4.61e-10 s                 ; 6e-10 s                    ; No                        ; No                        ;
; LEDR[5]      ; 3.3-V LVTTL  ; 0 s                 ; 0 s                 ; 3.08 V                       ; 5.35e-06 V                   ; 3.17 V              ; -0.0587 V           ; 0.248 V                              ; 0.173 V                              ; 4.61e-10 s                  ; 6e-10 s                     ; No                         ; No                         ; 3.08 V                      ; 5.35e-06 V                  ; 3.17 V             ; -0.0587 V          ; 0.248 V                             ; 0.173 V                             ; 4.61e-10 s                 ; 6e-10 s                    ; No                        ; No                        ;
; LEDR[6]      ; 3.3-V LVTTL  ; 0 s                 ; 0 s                 ; 3.08 V                       ; 5.35e-06 V                   ; 3.17 V              ; -0.0587 V           ; 0.248 V                              ; 0.173 V                              ; 4.61e-10 s                  ; 6e-10 s                     ; No                         ; No                         ; 3.08 V                      ; 5.35e-06 V                  ; 3.17 V             ; -0.0587 V          ; 0.248 V                             ; 0.173 V                             ; 4.61e-10 s                 ; 6e-10 s                    ; No                        ; No                        ;
; LEDR[7]      ; 3.3-V LVTTL  ; 0 s                 ; 0 s                 ; 3.08 V                       ; 5.35e-06 V                   ; 3.17 V              ; -0.0592 V           ; 0.248 V                              ; 0.172 V                              ; 4.61e-10 s                  ; 6e-10 s                     ; No                         ; No                         ; 3.08 V                      ; 5.35e-06 V                  ; 3.17 V             ; -0.0592 V          ; 0.248 V                             ; 0.172 V                             ; 4.61e-10 s                 ; 6e-10 s                    ; No                        ; No                        ;
; LEDR[8]      ; 3.3-V LVTTL  ; 0 s                 ; 0 s                 ; 3.08 V                       ; 5.35e-06 V                   ; 3.17 V              ; -0.0592 V           ; 0.248 V                              ; 0.172 V                              ; 4.61e-10 s                  ; 6e-10 s                     ; No                         ; No                         ; 3.08 V                      ; 5.35e-06 V                  ; 3.17 V             ; -0.0592 V          ; 0.248 V                             ; 0.172 V                             ; 4.61e-10 s                 ; 6e-10 s                    ; No                        ; No                        ;
; LEDR[9]      ; 3.3-V LVTTL  ; 0 s                 ; 0 s                 ; 3.08 V                       ; 5.35e-06 V                   ; 3.17 V              ; -0.0587 V           ; 0.248 V                              ; 0.173 V                              ; 4.61e-10 s                  ; 6e-10 s                     ; No                         ; No                         ; 3.08 V                      ; 5.35e-06 V                  ; 3.17 V             ; -0.0587 V          ; 0.248 V                             ; 0.173 V                             ; 4.61e-10 s                 ; 6e-10 s                    ; No                        ; No                        ;
; VGA_R[0]     ; 3.3-V LVTTL  ; 0 s                 ; 0 s                 ; 3.08 V                       ; 5.35e-06 V                   ; 3.17 V              ; -0.0587 V           ; 0.248 V                              ; 0.173 V                              ; 4.61e-10 s                  ; 6e-10 s                     ; No                         ; No                         ; 3.08 V                      ; 5.35e-06 V                  ; 3.17 V             ; -0.0587 V          ; 0.248 V                             ; 0.173 V                             ; 4.61e-10 s                 ; 6e-10 s                    ; No                        ; No                        ;
; VGA_R[1]     ; 3.3-V LVTTL  ; 0 s                 ; 0 s                 ; 3.08 V                       ; 5.35e-06 V                   ; 3.17 V              ; -0.0592 V           ; 0.248 V                              ; 0.172 V                              ; 4.61e-10 s                  ; 6e-10 s                     ; No                         ; No                         ; 3.08 V                      ; 5.35e-06 V                  ; 3.17 V             ; -0.0592 V          ; 0.248 V                             ; 0.172 V                             ; 4.61e-10 s                 ; 6e-10 s                    ; No                        ; No                        ;
; VGA_R[2]     ; 3.3-V LVTTL  ; 0 s                 ; 0 s                 ; 3.08 V                       ; 5.35e-06 V                   ; 3.17 V              ; -0.0592 V           ; 0.248 V                              ; 0.172 V                              ; 4.61e-10 s                  ; 6e-10 s                     ; No                         ; No                         ; 3.08 V                      ; 5.35e-06 V                  ; 3.17 V             ; -0.0592 V          ; 0.248 V                             ; 0.172 V                             ; 4.61e-10 s                 ; 6e-10 s                    ; No                        ; No                        ;
; VGA_R[3]     ; 3.3-V LVTTL  ; 0 s                 ; 0 s                 ; 3.08 V                       ; 5.35e-06 V                   ; 3.17 V              ; -0.0587 V           ; 0.248 V                              ; 0.173 V                              ; 4.61e-10 s                  ; 6e-10 s                     ; No                         ; No                         ; 3.08 V                      ; 5.35e-06 V                  ; 3.17 V             ; -0.0587 V          ; 0.248 V                             ; 0.173 V                             ; 4.61e-10 s                 ; 6e-10 s                    ; No                        ; No                        ;
; VGA_G[0]     ; 3.3-V LVTTL  ; 0 s                 ; 0 s                 ; 3.08 V                       ; 5.35e-06 V                   ; 3.17 V              ; -0.0587 V           ; 0.248 V                              ; 0.173 V                              ; 4.61e-10 s                  ; 6e-10 s                     ; No                         ; No                         ; 3.08 V                      ; 5.35e-06 V                  ; 3.17 V             ; -0.0587 V          ; 0.248 V                             ; 0.173 V                             ; 4.61e-10 s                 ; 6e-10 s                    ; No                        ; No                        ;
; VGA_G[1]     ; 3.3-V LVTTL  ; 0 s                 ; 0 s                 ; 3.08 V                       ; 5.35e-06 V                   ; 3.17 V              ; -0.0592 V           ; 0.248 V                              ; 0.172 V                              ; 4.61e-10 s                  ; 6e-10 s                     ; No                         ; No                         ; 3.08 V                      ; 5.35e-06 V                  ; 3.17 V             ; -0.0592 V          ; 0.248 V                             ; 0.172 V                             ; 4.61e-10 s                 ; 6e-10 s                    ; No                        ; No                        ;
; VGA_G[2]     ; 3.3-V LVTTL  ; 0 s                 ; 0 s                 ; 3.08 V                       ; 5.35e-06 V                   ; 3.17 V              ; -0.0592 V           ; 0.248 V                              ; 0.172 V                              ; 4.61e-10 s                  ; 6e-10 s                     ; No                         ; No                         ; 3.08 V                      ; 5.35e-06 V                  ; 3.17 V             ; -0.0592 V          ; 0.248 V                             ; 0.172 V                             ; 4.61e-10 s                 ; 6e-10 s                    ; No                        ; No                        ;
; VGA_G[3]     ; 3.3-V LVTTL  ; 0 s                 ; 0 s                 ; 3.08 V                       ; 5.35e-06 V                   ; 3.17 V              ; -0.0587 V           ; 0.248 V                              ; 0.173 V                              ; 4.61e-10 s                  ; 6e-10 s                     ; No                         ; No                         ; 3.08 V                      ; 5.35e-06 V                  ; 3.17 V             ; -0.0587 V          ; 0.248 V                             ; 0.173 V                             ; 4.61e-10 s                 ; 6e-10 s                    ; No                        ; No                        ;
; VGA_B[0]     ; 3.3-V LVTTL  ; 0 s                 ; 0 s                 ; 3.08 V                       ; 5.35e-06 V                   ; 3.17 V              ; -0.0587 V           ; 0.248 V                              ; 0.173 V                              ; 4.61e-10 s                  ; 6e-10 s                     ; No                         ; No                         ; 3.08 V                      ; 5.35e-06 V                  ; 3.17 V             ; -0.0587 V          ; 0.248 V                             ; 0.173 V                             ; 4.61e-10 s                 ; 6e-10 s                    ; No                        ; No                        ;
; VGA_B[1]     ; 3.3-V LVTTL  ; 0 s                 ; 0 s                 ; 3.08 V                       ; 5.35e-06 V                   ; 3.17 V              ; -0.0587 V           ; 0.248 V                              ; 0.173 V                              ; 4.61e-10 s                  ; 6e-10 s                     ; No                         ; No                         ; 3.08 V                      ; 5.35e-06 V                  ; 3.17 V             ; -0.0587 V          ; 0.248 V                             ; 0.173 V                             ; 4.61e-10 s                 ; 6e-10 s                    ; No                        ; No                        ;
; VGA_B[2]     ; 3.3-V LVTTL  ; 0 s                 ; 0 s                 ; 3.08 V                       ; 5.35e-06 V                   ; 3.17 V              ; -0.0587 V           ; 0.248 V                              ; 0.173 V                              ; 4.61e-10 s                  ; 6e-10 s                     ; No                         ; No                         ; 3.08 V                      ; 5.35e-06 V                  ; 3.17 V             ; -0.0587 V          ; 0.248 V                             ; 0.173 V                             ; 4.61e-10 s                 ; 6e-10 s                    ; No                        ; No                        ;
; VGA_B[3]     ; 3.3-V LVTTL  ; 0 s                 ; 0 s                 ; 3.08 V                       ; 5.35e-06 V                   ; 3.17 V              ; -0.0592 V           ; 0.248 V                              ; 0.172 V                              ; 4.61e-10 s                  ; 6e-10 s                     ; No                         ; No                         ; 3.08 V                      ; 5.35e-06 V                  ; 3.17 V             ; -0.0592 V          ; 0.248 V                             ; 0.172 V                             ; 4.61e-10 s                 ; 6e-10 s                    ; No                        ; No                        ;
; VGA_HS       ; 3.3-V LVTTL  ; 0 s                 ; 0 s                 ; 3.08 V                       ; 5.35e-06 V                   ; 3.17 V              ; -0.0587 V           ; 0.248 V                              ; 0.173 V                              ; 4.61e-10 s                  ; 6e-10 s                     ; No                         ; No                         ; 3.08 V                      ; 5.35e-06 V                  ; 3.17 V             ; -0.0587 V          ; 0.248 V                             ; 0.173 V                             ; 4.61e-10 s                 ; 6e-10 s                    ; No                        ; No                        ;
; VGA_VS       ; 3.3-V LVTTL  ; 0 s                 ; 0 s                 ; 3.08 V                       ; 5.35e-06 V                   ; 3.17 V              ; -0.0592 V           ; 0.248 V                              ; 0.172 V                              ; 4.61e-10 s                  ; 6e-10 s                     ; No                         ; No                         ; 3.08 V                      ; 5.35e-06 V                  ; 3.17 V             ; -0.0592 V          ; 0.248 V                             ; 0.172 V                             ; 4.61e-10 s                 ; 6e-10 s                    ; No                        ; No                        ;
; GPIO[0]      ; 3.3-V LVTTL  ; 0 s                 ; 0 s                 ; 3.08 V                       ; 5.35e-06 V                   ; 3.17 V              ; -0.0547 V           ; 0.314 V                              ; 0.224 V                              ; 4.84e-10 s                  ; 6.28e-10 s                  ; No                         ; Yes                        ; 3.08 V                      ; 5.35e-06 V                  ; 3.17 V             ; -0.0547 V          ; 0.314 V                             ; 0.224 V                             ; 4.84e-10 s                 ; 6.28e-10 s                 ; No                        ; Yes                       ;
; GPIO[1]      ; 3.3-V LVTTL  ; 0 s                 ; 0 s                 ; 3.08 V                       ; 5.35e-06 V                   ; 3.17 V              ; -0.0547 V           ; 0.314 V                              ; 0.224 V                              ; 4.84e-10 s                  ; 6.28e-10 s                  ; No                         ; Yes                        ; 3.08 V                      ; 5.35e-06 V                  ; 3.17 V             ; -0.0547 V          ; 0.314 V                             ; 0.224 V                             ; 4.84e-10 s                 ; 6.28e-10 s                 ; No                        ; Yes                       ;
; GPIO[2]      ; 3.3-V LVTTL  ; 0 s                 ; 0 s                 ; 3.08 V                       ; 5.35e-06 V                   ; 3.17 V              ; -0.0535 V           ; 0.313 V                              ; 0.225 V                              ; 4.84e-10 s                  ; 6.28e-10 s                  ; No                         ; Yes                        ; 3.08 V                      ; 5.35e-06 V                  ; 3.17 V             ; -0.0535 V          ; 0.313 V                             ; 0.225 V                             ; 4.84e-10 s                 ; 6.28e-10 s                 ; No                        ; Yes                       ;
; GPIO[3]      ; 3.3-V LVTTL  ; 0 s                 ; 0 s                 ; 3.08 V                       ; 5.35e-06 V                   ; 3.17 V              ; -0.0535 V           ; 0.313 V                              ; 0.225 V                              ; 4.84e-10 s                  ; 6.28e-10 s                  ; No                         ; Yes                        ; 3.08 V                      ; 5.35e-06 V                  ; 3.17 V             ; -0.0535 V          ; 0.313 V                             ; 0.225 V                             ; 4.84e-10 s                 ; 6.28e-10 s                 ; No                        ; Yes                       ;
; GPIO[4]      ; 3.3-V LVTTL  ; 0 s                 ; 0 s                 ; 3.08 V                       ; 5.35e-06 V                   ; 3.17 V              ; -0.0547 V           ; 0.314 V                              ; 0.224 V                              ; 4.84e-10 s                  ; 6.28e-10 s                  ; No                         ; Yes                        ; 3.08 V                      ; 5.35e-06 V                  ; 3.17 V             ; -0.0547 V          ; 0.314 V                             ; 0.224 V                             ; 4.84e-10 s                 ; 6.28e-10 s                 ; No                        ; Yes                       ;
; GPIO[5]      ; 3.3-V LVTTL  ; 0 s                 ; 0 s                 ; 3.08 V                       ; 5.35e-06 V                   ; 3.17 V              ; -0.0547 V           ; 0.314 V                              ; 0.224 V                              ; 4.84e-10 s                  ; 6.28e-10 s                  ; No                         ; Yes                        ; 3.08 V                      ; 5.35e-06 V                  ; 3.17 V             ; -0.0547 V          ; 0.314 V                             ; 0.224 V                             ; 4.84e-10 s                 ; 6.28e-10 s                 ; No                        ; Yes                       ;
; GPIO[6]      ; 3.3-V LVTTL  ; 0 s                 ; 0 s                 ; 3.08 V                       ; 5.35e-06 V                   ; 3.17 V              ; -0.0535 V           ; 0.313 V                              ; 0.225 V                              ; 4.84e-10 s                  ; 6.28e-10 s                  ; No                         ; Yes                        ; 3.08 V                      ; 5.35e-06 V                  ; 3.17 V             ; -0.0535 V          ; 0.313 V                             ; 0.225 V                             ; 4.84e-10 s                 ; 6.28e-10 s                 ; No                        ; Yes                       ;
; GPIO[7]      ; 3.3-V LVTTL  ; 0 s                 ; 0 s                 ; 3.08 V                       ; 5.35e-06 V                   ; 3.17 V              ; -0.0535 V           ; 0.313 V                              ; 0.225 V                              ; 4.84e-10 s                  ; 6.28e-10 s                  ; No                         ; Yes                        ; 3.08 V                      ; 5.35e-06 V                  ; 3.17 V             ; -0.0535 V          ; 0.313 V                             ; 0.225 V                             ; 4.84e-10 s                 ; 6.28e-10 s                 ; No                        ; Yes                       ;
; GPIO[8]      ; 3.3-V LVTTL  ; 0 s                 ; 0 s                 ; 3.08 V                       ; 5.35e-06 V                   ; 3.17 V              ; -0.0547 V           ; 0.314 V                              ; 0.224 V                              ; 4.84e-10 s                  ; 6.28e-10 s                  ; No                         ; Yes                        ; 3.08 V                      ; 5.35e-06 V                  ; 3.17 V             ; -0.0547 V          ; 0.314 V                             ; 0.224 V                             ; 4.84e-10 s                 ; 6.28e-10 s                 ; No                        ; Yes                       ;
; GPIO[9]      ; 3.3-V LVTTL  ; 0 s                 ; 0 s                 ; 3.08 V                       ; 5.35e-06 V                   ; 3.17 V              ; -0.0592 V           ; 0.248 V                              ; 0.172 V                              ; 4.61e-10 s                  ; 6e-10 s                     ; No                         ; No                         ; 3.08 V                      ; 5.35e-06 V                  ; 3.17 V             ; -0.0592 V          ; 0.248 V                             ; 0.172 V                             ; 4.61e-10 s                 ; 6e-10 s                    ; No                        ; No                        ;
; GPIO[10]     ; 3.3-V LVTTL  ; 0 s                 ; 0 s                 ; 3.08 V                       ; 5.35e-06 V                   ; 3.17 V              ; -0.0535 V           ; 0.313 V                              ; 0.225 V                              ; 4.84e-10 s                  ; 6.28e-10 s                  ; No                         ; Yes                        ; 3.08 V                      ; 5.35e-06 V                  ; 3.17 V             ; -0.0535 V          ; 0.313 V                             ; 0.225 V                             ; 4.84e-10 s                 ; 6.28e-10 s                 ; No                        ; Yes                       ;
; GPIO[11]     ; 3.3-V LVTTL  ; 0 s                 ; 0 s                 ; 3.08 V                       ; 5.35e-06 V                   ; 3.17 V              ; -0.0587 V           ; 0.248 V                              ; 0.173 V                              ; 4.61e-10 s                  ; 6e-10 s                     ; No                         ; No                         ; 3.08 V                      ; 5.35e-06 V                  ; 3.17 V             ; -0.0587 V          ; 0.248 V                             ; 0.173 V                             ; 4.61e-10 s                 ; 6e-10 s                    ; No                        ; No                        ;
; GPIO[12]     ; 3.3-V LVTTL  ; 0 s                 ; 0 s                 ; 3.08 V                       ; 5.35e-06 V                   ; 3.17 V              ; -0.0587 V           ; 0.248 V                              ; 0.173 V                              ; 4.61e-10 s                  ; 6e-10 s                     ; No                         ; No                         ; 3.08 V                      ; 5.35e-06 V                  ; 3.17 V             ; -0.0587 V          ; 0.248 V                             ; 0.173 V                             ; 4.61e-10 s                 ; 6e-10 s                    ; No                        ; No                        ;
; GPIO[13]     ; 3.3-V LVTTL  ; 0 s                 ; 0 s                 ; 3.08 V                       ; 5.35e-06 V                   ; 3.17 V              ; -0.0592 V           ; 0.248 V                              ; 0.172 V                              ; 4.61e-10 s                  ; 6e-10 s                     ; No                         ; No                         ; 3.08 V                      ; 5.35e-06 V                  ; 3.17 V             ; -0.0592 V          ; 0.248 V                             ; 0.172 V                             ; 4.61e-10 s                 ; 6e-10 s                    ; No                        ; No                        ;
; GPIO[14]     ; 3.3-V LVTTL  ; 0 s                 ; 0 s                 ; 3.08 V                       ; 5.35e-06 V                   ; 3.17 V              ; -0.0587 V           ; 0.248 V                              ; 0.173 V                              ; 4.61e-10 s                  ; 6e-10 s                     ; No                         ; No                         ; 3.08 V                      ; 5.35e-06 V                  ; 3.17 V             ; -0.0587 V          ; 0.248 V                             ; 0.173 V                             ; 4.61e-10 s                 ; 6e-10 s                    ; No                        ; No                        ;
; GPIO[15]     ; 3.3-V LVTTL  ; 0 s                 ; 0 s                 ; 3.08 V                       ; 5.35e-06 V                   ; 3.17 V              ; -0.0592 V           ; 0.248 V                              ; 0.172 V                              ; 4.61e-10 s                  ; 6e-10 s                     ; No                         ; No                         ; 3.08 V                      ; 5.35e-06 V                  ; 3.17 V             ; -0.0592 V          ; 0.248 V                             ; 0.172 V                             ; 4.61e-10 s                 ; 6e-10 s                    ; No                        ; No                        ;
; GPIO[16]     ; 3.3-V LVTTL  ; 0 s                 ; 0 s                 ; 3.08 V                       ; 5.35e-06 V                   ; 3.17 V              ; -0.0587 V           ; 0.248 V                              ; 0.173 V                              ; 4.61e-10 s                  ; 6e-10 s                     ; No                         ; No                         ; 3.08 V                      ; 5.35e-06 V                  ; 3.17 V             ; -0.0587 V          ; 0.248 V                             ; 0.173 V                             ; 4.61e-10 s                 ; 6e-10 s                    ; No                        ; No                        ;
; GPIO[17]     ; 3.3-V LVTTL  ; 0 s                 ; 0 s                 ; 3.08 V                       ; 5.35e-06 V                   ; 3.17 V              ; -0.0592 V           ; 0.248 V                              ; 0.172 V                              ; 4.61e-10 s                  ; 6e-10 s                     ; No                         ; No                         ; 3.08 V                      ; 5.35e-06 V                  ; 3.17 V             ; -0.0592 V          ; 0.248 V                             ; 0.172 V                             ; 4.61e-10 s                 ; 6e-10 s                    ; No                        ; No                        ;
; GPIO[18]     ; 3.3-V LVTTL  ; 0 s                 ; 0 s                 ; 3.08 V                       ; 5.35e-06 V                   ; 3.17 V              ; -0.0592 V           ; 0.248 V                              ; 0.172 V                              ; 4.61e-10 s                  ; 6e-10 s                     ; No                         ; No                         ; 3.08 V                      ; 5.35e-06 V                  ; 3.17 V             ; -0.0592 V          ; 0.248 V                             ; 0.172 V                             ; 4.61e-10 s                 ; 6e-10 s                    ; No                        ; No                        ;
; GPIO[19]     ; 3.3-V LVTTL  ; 0 s                 ; 0 s                 ; 3.08 V                       ; 5.35e-06 V                   ; 3.17 V              ; -0.0587 V           ; 0.248 V                              ; 0.173 V                              ; 4.61e-10 s                  ; 6e-10 s                     ; No                         ; No                         ; 3.08 V                      ; 5.35e-06 V                  ; 3.17 V             ; -0.0587 V          ; 0.248 V                             ; 0.173 V                             ; 4.61e-10 s                 ; 6e-10 s                    ; No                        ; No                        ;
; GPIO[20]     ; 3.3-V LVTTL  ; 0 s                 ; 0 s                 ; 3.08 V                       ; 5.35e-06 V                   ; 3.17 V              ; -0.0587 V           ; 0.248 V                              ; 0.173 V                              ; 4.61e-10 s                  ; 6e-10 s                     ; No                         ; No                         ; 3.08 V                      ; 5.35e-06 V                  ; 3.17 V             ; -0.0587 V          ; 0.248 V                             ; 0.173 V                             ; 4.61e-10 s                 ; 6e-10 s                    ; No                        ; No                        ;
; GPIO[21]     ; 3.3-V LVTTL  ; 0 s                 ; 0 s                 ; 3.08 V                       ; 5.35e-06 V                   ; 3.17 V              ; -0.0547 V           ; 0.314 V                              ; 0.224 V                              ; 4.84e-10 s                  ; 6.28e-10 s                  ; No                         ; Yes                        ; 3.08 V                      ; 5.35e-06 V                  ; 3.17 V             ; -0.0547 V          ; 0.314 V                             ; 0.224 V                             ; 4.84e-10 s                 ; 6.28e-10 s                 ; No                        ; Yes                       ;
; GPIO[22]     ; 3.3-V LVTTL  ; 0 s                 ; 0 s                 ; 3.08 V                       ; 5.35e-06 V                   ; 3.17 V              ; -0.0587 V           ; 0.248 V                              ; 0.173 V                              ; 4.61e-10 s                  ; 6e-10 s                     ; No                         ; No                         ; 3.08 V                      ; 5.35e-06 V                  ; 3.17 V             ; -0.0587 V          ; 0.248 V                             ; 0.173 V                             ; 4.61e-10 s                 ; 6e-10 s                    ; No                        ; No                        ;
; GPIO[23]     ; 3.3-V LVTTL  ; 0 s                 ; 0 s                 ; 3.08 V                       ; 5.35e-06 V                   ; 3.17 V              ; -0.0592 V           ; 0.248 V                              ; 0.172 V                              ; 4.61e-10 s                  ; 6e-10 s                     ; No                         ; No                         ; 3.08 V                      ; 5.35e-06 V                  ; 3.17 V             ; -0.0592 V          ; 0.248 V                             ; 0.172 V                             ; 4.61e-10 s                 ; 6e-10 s                    ; No                        ; No                        ;
; GPIO[24]     ; 3.3-V LVTTL  ; 0 s                 ; 0 s                 ; 3.08 V                       ; 5.35e-06 V                   ; 3.17 V              ; -0.0587 V           ; 0.248 V                              ; 0.173 V                              ; 4.61e-10 s                  ; 6e-10 s                     ; No                         ; No                         ; 3.08 V                      ; 5.35e-06 V                  ; 3.17 V             ; -0.0587 V          ; 0.248 V                             ; 0.173 V                             ; 4.61e-10 s                 ; 6e-10 s                    ; No                        ; No                        ;
; GPIO[25]     ; 3.3-V LVTTL  ; 0 s                 ; 0 s                 ; 3.08 V                       ; 5.35e-06 V                   ; 3.17 V              ; -0.0587 V           ; 0.248 V                              ; 0.173 V                              ; 4.61e-10 s                  ; 6e-10 s                     ; No                         ; No                         ; 3.08 V                      ; 5.35e-06 V                  ; 3.17 V             ; -0.0587 V          ; 0.248 V                             ; 0.173 V                             ; 4.61e-10 s                 ; 6e-10 s                    ; No                        ; No                        ;
; GPIO[26]     ; 3.3-V LVTTL  ; 0 s                 ; 0 s                 ; 3.08 V                       ; 5.35e-06 V                   ; 3.17 V              ; -0.0547 V           ; 0.314 V                              ; 0.224 V                              ; 4.84e-10 s                  ; 6.28e-10 s                  ; No                         ; Yes                        ; 3.08 V                      ; 5.35e-06 V                  ; 3.17 V             ; -0.0547 V          ; 0.314 V                             ; 0.224 V                             ; 4.84e-10 s                 ; 6.28e-10 s                 ; No                        ; Yes                       ;
; GPIO[27]     ; 3.3-V LVTTL  ; 0 s                 ; 0 s                 ; 3.08 V                       ; 5.35e-06 V                   ; 3.17 V              ; -0.0592 V           ; 0.248 V                              ; 0.172 V                              ; 4.61e-10 s                  ; 6e-10 s                     ; No                         ; No                         ; 3.08 V                      ; 5.35e-06 V                  ; 3.17 V             ; -0.0592 V          ; 0.248 V                             ; 0.172 V                             ; 4.61e-10 s                 ; 6e-10 s                    ; No                        ; No                        ;
; GPIO[28]     ; 3.3-V LVTTL  ; 0 s                 ; 0 s                 ; 3.08 V                       ; 5.35e-06 V                   ; 3.17 V              ; -0.0535 V           ; 0.313 V                              ; 0.225 V                              ; 4.84e-10 s                  ; 6.28e-10 s                  ; No                         ; Yes                        ; 3.08 V                      ; 5.35e-06 V                  ; 3.17 V             ; -0.0535 V          ; 0.313 V                             ; 0.225 V                             ; 4.84e-10 s                 ; 6.28e-10 s                 ; No                        ; Yes                       ;
; GPIO[29]     ; 3.3-V LVTTL  ; 0 s                 ; 0 s                 ; 3.08 V                       ; 5.35e-06 V                   ; 3.17 V              ; -0.0587 V           ; 0.248 V                              ; 0.173 V                              ; 4.61e-10 s                  ; 6e-10 s                     ; No                         ; No                         ; 3.08 V                      ; 5.35e-06 V                  ; 3.17 V             ; -0.0587 V          ; 0.248 V                             ; 0.173 V                             ; 4.61e-10 s                 ; 6e-10 s                    ; No                        ; No                        ;
; GPIO[30]     ; 3.3-V LVTTL  ; 0 s                 ; 0 s                 ; 3.08 V                       ; 5.35e-06 V                   ; 3.17 V              ; -0.0587 V           ; 0.248 V                              ; 0.173 V                              ; 4.61e-10 s                  ; 6e-10 s                     ; No                         ; No                         ; 3.08 V                      ; 5.35e-06 V                  ; 3.17 V             ; -0.0587 V          ; 0.248 V                             ; 0.173 V                             ; 4.61e-10 s                 ; 6e-10 s                    ; No                        ; No                        ;
; GPIO[31]     ; 3.3-V LVTTL  ; 0 s                 ; 0 s                 ; 3.08 V                       ; 5.35e-06 V                   ; 3.17 V              ; -0.0592 V           ; 0.248 V                              ; 0.172 V                              ; 4.61e-10 s                  ; 6e-10 s                     ; No                         ; No                         ; 3.08 V                      ; 5.35e-06 V                  ; 3.17 V             ; -0.0592 V          ; 0.248 V                             ; 0.172 V                             ; 4.61e-10 s                 ; 6e-10 s                    ; No                        ; No                        ;
; GPIO[32]     ; 3.3-V LVTTL  ; 0 s                 ; 0 s                 ; 3.08 V                       ; 5.35e-06 V                   ; 3.17 V              ; -0.0592 V           ; 0.248 V                              ; 0.172 V                              ; 4.61e-10 s                  ; 6e-10 s                     ; No                         ; No                         ; 3.08 V                      ; 5.35e-06 V                  ; 3.17 V             ; -0.0592 V          ; 0.248 V                             ; 0.172 V                             ; 4.61e-10 s                 ; 6e-10 s                    ; No                        ; No                        ;
; GPIO[33]     ; 3.3-V LVTTL  ; 0 s                 ; 0 s                 ; 3.08 V                       ; 5.35e-06 V                   ; 3.17 V              ; -0.0587 V           ; 0.248 V                              ; 0.173 V                              ; 4.61e-10 s                  ; 6e-10 s                     ; No                         ; No                         ; 3.08 V                      ; 5.35e-06 V                  ; 3.17 V             ; -0.0587 V          ; 0.248 V                             ; 0.173 V                             ; 4.61e-10 s                 ; 6e-10 s                    ; No                        ; No                        ;
; GPIO[34]     ; 3.3-V LVTTL  ; 0 s                 ; 0 s                 ; 3.08 V                       ; 5.35e-06 V                   ; 3.17 V              ; -0.0587 V           ; 0.248 V                              ; 0.173 V                              ; 4.61e-10 s                  ; 6e-10 s                     ; No                         ; No                         ; 3.08 V                      ; 5.35e-06 V                  ; 3.17 V             ; -0.0587 V          ; 0.248 V                             ; 0.173 V                             ; 4.61e-10 s                 ; 6e-10 s                    ; No                        ; No                        ;
; GPIO[35]     ; 3.3-V LVTTL  ; 0 s                 ; 0 s                 ; 3.08 V                       ; 5.35e-06 V                   ; 3.17 V              ; -0.0592 V           ; 0.248 V                              ; 0.172 V                              ; 4.61e-10 s                  ; 6e-10 s                     ; No                         ; No                         ; 3.08 V                      ; 5.35e-06 V                  ; 3.17 V             ; -0.0592 V          ; 0.248 V                             ; 0.172 V                             ; 4.61e-10 s                 ; 6e-10 s                    ; No                        ; No                        ;
; ~ALTERA_TDO~ ; 2.5 V        ; 0 s                 ; 0 s                 ; 2.32 V                       ; 3.04e-06 V                   ; 2.37 V              ; -0.0108 V           ; 0.13 V                               ; 0.066 V                              ; 6.32e-10 s                  ; 6.45e-10 s                  ; No                         ; Yes                        ; 2.32 V                      ; 3.04e-06 V                  ; 2.37 V             ; -0.0108 V          ; 0.13 V                              ; 0.066 V                             ; 6.32e-10 s                 ; 6.45e-10 s                 ; No                        ; Yes                       ;
+--------------+--------------+---------------------+---------------------+------------------------------+------------------------------+---------------------+---------------------+--------------------------------------+--------------------------------------+-----------------------------+-----------------------------+----------------------------+----------------------------+-----------------------------+-----------------------------+--------------------+--------------------+-------------------------------------+-------------------------------------+----------------------------+----------------------------+---------------------------+---------------------------+


+-------------------------------------------------------------------------------------------------------------------------------------------------------------------------------------------------------------------------------------------------------------------------------------------------------------------------------------------------------------------------------------------------------------------------------------------------------------------------------------------------------------------------------------------------------------------------------------------------------------------------------------------------------------------------------------------+
; Signal Integrity Metrics (Fast 1200mv 0c Model)                                                                                                                                                                                                                                                                                                                                                                                                                                                                                                                                                                                                                                           ;
+--------------+--------------+---------------------+---------------------+------------------------------+------------------------------+---------------------+---------------------+--------------------------------------+--------------------------------------+-----------------------------+-----------------------------+----------------------------+----------------------------+-----------------------------+-----------------------------+--------------------+--------------------+-------------------------------------+-------------------------------------+----------------------------+----------------------------+---------------------------+---------------------------+
; Pin          ; I/O Standard ; Board Delay on Rise ; Board Delay on Fall ; Steady State Voh at FPGA Pin ; Steady State Vol at FPGA Pin ; Voh Max at FPGA Pin ; Vol Min at FPGA Pin ; Ringback Voltage on Rise at FPGA Pin ; Ringback Voltage on Fall at FPGA Pin ; 10-90 Rise Time at FPGA Pin ; 90-10 Fall Time at FPGA Pin ; Monotonic Rise at FPGA Pin ; Monotonic Fall at FPGA Pin ; Steady State Voh at Far-end ; Steady State Vol at Far-end ; Voh Max at Far-end ; Vol Min at Far-end ; Ringback Voltage on Rise at Far-end ; Ringback Voltage on Fall at Far-end ; 10-90 Rise Time at Far-end ; 90-10 Fall Time at Far-end ; Monotonic Rise at Far-end ; Monotonic Fall at Far-end ;
+--------------+--------------+---------------------+---------------------+------------------------------+------------------------------+---------------------+---------------------+--------------------------------------+--------------------------------------+-----------------------------+-----------------------------+----------------------------+----------------------------+-----------------------------+-----------------------------+--------------------+--------------------+-------------------------------------+-------------------------------------+----------------------------+----------------------------+---------------------------+---------------------------+
; LEDR[0]      ; 3.3-V LVTTL  ; 0 s                 ; 0 s                 ; 3.46 V                       ; 5.04e-07 V                   ; 3.65 V              ; -0.0209 V           ; 0.391 V                              ; 0.09 V                               ; 2.79e-10 s                  ; 3.95e-10 s                  ; No                         ; Yes                        ; 3.46 V                      ; 5.04e-07 V                  ; 3.65 V             ; -0.0209 V          ; 0.391 V                             ; 0.09 V                              ; 2.79e-10 s                 ; 3.95e-10 s                 ; No                        ; Yes                       ;
; LEDR[1]      ; 3.3-V LVTTL  ; 0 s                 ; 0 s                 ; 3.46 V                       ; 5.04e-07 V                   ; 3.64 V              ; -0.0201 V           ; 0.391 V                              ; 0.088 V                              ; 2.79e-10 s                  ; 3.95e-10 s                  ; No                         ; Yes                        ; 3.46 V                      ; 5.04e-07 V                  ; 3.64 V             ; -0.0201 V          ; 0.391 V                             ; 0.088 V                             ; 2.79e-10 s                 ; 3.95e-10 s                 ; No                        ; Yes                       ;
; LEDR[2]      ; 3.3-V LVTTL  ; 0 s                 ; 0 s                 ; 3.46 V                       ; 5.04e-07 V                   ; 3.65 V              ; -0.0209 V           ; 0.391 V                              ; 0.09 V                               ; 2.79e-10 s                  ; 3.95e-10 s                  ; No                         ; Yes                        ; 3.46 V                      ; 5.04e-07 V                  ; 3.65 V             ; -0.0209 V          ; 0.391 V                             ; 0.09 V                              ; 2.79e-10 s                 ; 3.95e-10 s                 ; No                        ; Yes                       ;
; LEDR[3]      ; 3.3-V LVTTL  ; 0 s                 ; 0 s                 ; 3.46 V                       ; 5.04e-07 V                   ; 3.64 V              ; -0.0201 V           ; 0.391 V                              ; 0.088 V                              ; 2.79e-10 s                  ; 3.95e-10 s                  ; No                         ; Yes                        ; 3.46 V                      ; 5.04e-07 V                  ; 3.64 V             ; -0.0201 V          ; 0.391 V                             ; 0.088 V                             ; 2.79e-10 s                 ; 3.95e-10 s                 ; No                        ; Yes                       ;
; LEDR[4]      ; 3.3-V LVTTL  ; 0 s                 ; 0 s                 ; 3.46 V                       ; 5.04e-07 V                   ; 3.65 V              ; -0.0209 V           ; 0.391 V                              ; 0.09 V                               ; 2.79e-10 s                  ; 3.95e-10 s                  ; No                         ; Yes                        ; 3.46 V                      ; 5.04e-07 V                  ; 3.65 V             ; -0.0209 V          ; 0.391 V                             ; 0.09 V                              ; 2.79e-10 s                 ; 3.95e-10 s                 ; No                        ; Yes                       ;
; LEDR[5]      ; 3.3-V LVTTL  ; 0 s                 ; 0 s                 ; 3.46 V                       ; 5.04e-07 V                   ; 3.65 V              ; -0.0209 V           ; 0.391 V                              ; 0.09 V                               ; 2.79e-10 s                  ; 3.95e-10 s                  ; No                         ; Yes                        ; 3.46 V                      ; 5.04e-07 V                  ; 3.65 V             ; -0.0209 V          ; 0.391 V                             ; 0.09 V                              ; 2.79e-10 s                 ; 3.95e-10 s                 ; No                        ; Yes                       ;
; LEDR[6]      ; 3.3-V LVTTL  ; 0 s                 ; 0 s                 ; 3.46 V                       ; 5.04e-07 V                   ; 3.65 V              ; -0.0209 V           ; 0.391 V                              ; 0.09 V                               ; 2.79e-10 s                  ; 3.95e-10 s                  ; No                         ; Yes                        ; 3.46 V                      ; 5.04e-07 V                  ; 3.65 V             ; -0.0209 V          ; 0.391 V                             ; 0.09 V                              ; 2.79e-10 s                 ; 3.95e-10 s                 ; No                        ; Yes                       ;
; LEDR[7]      ; 3.3-V LVTTL  ; 0 s                 ; 0 s                 ; 3.46 V                       ; 5.04e-07 V                   ; 3.64 V              ; -0.0201 V           ; 0.391 V                              ; 0.088 V                              ; 2.79e-10 s                  ; 3.95e-10 s                  ; No                         ; Yes                        ; 3.46 V                      ; 5.04e-07 V                  ; 3.64 V             ; -0.0201 V          ; 0.391 V                             ; 0.088 V                             ; 2.79e-10 s                 ; 3.95e-10 s                 ; No                        ; Yes                       ;
; LEDR[8]      ; 3.3-V LVTTL  ; 0 s                 ; 0 s                 ; 3.46 V                       ; 5.04e-07 V                   ; 3.64 V              ; -0.0201 V           ; 0.391 V                              ; 0.088 V                              ; 2.79e-10 s                  ; 3.95e-10 s                  ; No                         ; Yes                        ; 3.46 V                      ; 5.04e-07 V                  ; 3.64 V             ; -0.0201 V          ; 0.391 V                             ; 0.088 V                             ; 2.79e-10 s                 ; 3.95e-10 s                 ; No                        ; Yes                       ;
; LEDR[9]      ; 3.3-V LVTTL  ; 0 s                 ; 0 s                 ; 3.46 V                       ; 5.04e-07 V                   ; 3.65 V              ; -0.0209 V           ; 0.391 V                              ; 0.09 V                               ; 2.79e-10 s                  ; 3.95e-10 s                  ; No                         ; Yes                        ; 3.46 V                      ; 5.04e-07 V                  ; 3.65 V             ; -0.0209 V          ; 0.391 V                             ; 0.09 V                              ; 2.79e-10 s                 ; 3.95e-10 s                 ; No                        ; Yes                       ;
; VGA_R[0]     ; 3.3-V LVTTL  ; 0 s                 ; 0 s                 ; 3.46 V                       ; 5.04e-07 V                   ; 3.65 V              ; -0.0209 V           ; 0.391 V                              ; 0.09 V                               ; 2.79e-10 s                  ; 3.95e-10 s                  ; No                         ; Yes                        ; 3.46 V                      ; 5.04e-07 V                  ; 3.65 V             ; -0.0209 V          ; 0.391 V                             ; 0.09 V                              ; 2.79e-10 s                 ; 3.95e-10 s                 ; No                        ; Yes                       ;
; VGA_R[1]     ; 3.3-V LVTTL  ; 0 s                 ; 0 s                 ; 3.46 V                       ; 5.04e-07 V                   ; 3.64 V              ; -0.0201 V           ; 0.391 V                              ; 0.088 V                              ; 2.79e-10 s                  ; 3.95e-10 s                  ; No                         ; Yes                        ; 3.46 V                      ; 5.04e-07 V                  ; 3.64 V             ; -0.0201 V          ; 0.391 V                             ; 0.088 V                             ; 2.79e-10 s                 ; 3.95e-10 s                 ; No                        ; Yes                       ;
; VGA_R[2]     ; 3.3-V LVTTL  ; 0 s                 ; 0 s                 ; 3.46 V                       ; 5.04e-07 V                   ; 3.64 V              ; -0.0201 V           ; 0.391 V                              ; 0.088 V                              ; 2.79e-10 s                  ; 3.95e-10 s                  ; No                         ; Yes                        ; 3.46 V                      ; 5.04e-07 V                  ; 3.64 V             ; -0.0201 V          ; 0.391 V                             ; 0.088 V                             ; 2.79e-10 s                 ; 3.95e-10 s                 ; No                        ; Yes                       ;
; VGA_R[3]     ; 3.3-V LVTTL  ; 0 s                 ; 0 s                 ; 3.46 V                       ; 5.04e-07 V                   ; 3.65 V              ; -0.0209 V           ; 0.391 V                              ; 0.09 V                               ; 2.79e-10 s                  ; 3.95e-10 s                  ; No                         ; Yes                        ; 3.46 V                      ; 5.04e-07 V                  ; 3.65 V             ; -0.0209 V          ; 0.391 V                             ; 0.09 V                              ; 2.79e-10 s                 ; 3.95e-10 s                 ; No                        ; Yes                       ;
; VGA_G[0]     ; 3.3-V LVTTL  ; 0 s                 ; 0 s                 ; 3.46 V                       ; 5.04e-07 V                   ; 3.65 V              ; -0.0209 V           ; 0.391 V                              ; 0.09 V                               ; 2.79e-10 s                  ; 3.95e-10 s                  ; No                         ; Yes                        ; 3.46 V                      ; 5.04e-07 V                  ; 3.65 V             ; -0.0209 V          ; 0.391 V                             ; 0.09 V                              ; 2.79e-10 s                 ; 3.95e-10 s                 ; No                        ; Yes                       ;
; VGA_G[1]     ; 3.3-V LVTTL  ; 0 s                 ; 0 s                 ; 3.46 V                       ; 5.04e-07 V                   ; 3.64 V              ; -0.0201 V           ; 0.391 V                              ; 0.088 V                              ; 2.79e-10 s                  ; 3.95e-10 s                  ; No                         ; Yes                        ; 3.46 V                      ; 5.04e-07 V                  ; 3.64 V             ; -0.0201 V          ; 0.391 V                             ; 0.088 V                             ; 2.79e-10 s                 ; 3.95e-10 s                 ; No                        ; Yes                       ;
; VGA_G[2]     ; 3.3-V LVTTL  ; 0 s                 ; 0 s                 ; 3.46 V                       ; 5.04e-07 V                   ; 3.64 V              ; -0.0201 V           ; 0.391 V                              ; 0.088 V                              ; 2.79e-10 s                  ; 3.95e-10 s                  ; No                         ; Yes                        ; 3.46 V                      ; 5.04e-07 V                  ; 3.64 V             ; -0.0201 V          ; 0.391 V                             ; 0.088 V                             ; 2.79e-10 s                 ; 3.95e-10 s                 ; No                        ; Yes                       ;
; VGA_G[3]     ; 3.3-V LVTTL  ; 0 s                 ; 0 s                 ; 3.46 V                       ; 5.04e-07 V                   ; 3.65 V              ; -0.0209 V           ; 0.391 V                              ; 0.09 V                               ; 2.79e-10 s                  ; 3.95e-10 s                  ; No                         ; Yes                        ; 3.46 V                      ; 5.04e-07 V                  ; 3.65 V             ; -0.0209 V          ; 0.391 V                             ; 0.09 V                              ; 2.79e-10 s                 ; 3.95e-10 s                 ; No                        ; Yes                       ;
; VGA_B[0]     ; 3.3-V LVTTL  ; 0 s                 ; 0 s                 ; 3.46 V                       ; 5.04e-07 V                   ; 3.65 V              ; -0.0209 V           ; 0.391 V                              ; 0.09 V                               ; 2.79e-10 s                  ; 3.95e-10 s                  ; No                         ; Yes                        ; 3.46 V                      ; 5.04e-07 V                  ; 3.65 V             ; -0.0209 V          ; 0.391 V                             ; 0.09 V                              ; 2.79e-10 s                 ; 3.95e-10 s                 ; No                        ; Yes                       ;
; VGA_B[1]     ; 3.3-V LVTTL  ; 0 s                 ; 0 s                 ; 3.46 V                       ; 5.04e-07 V                   ; 3.65 V              ; -0.0209 V           ; 0.391 V                              ; 0.09 V                               ; 2.79e-10 s                  ; 3.95e-10 s                  ; No                         ; Yes                        ; 3.46 V                      ; 5.04e-07 V                  ; 3.65 V             ; -0.0209 V          ; 0.391 V                             ; 0.09 V                              ; 2.79e-10 s                 ; 3.95e-10 s                 ; No                        ; Yes                       ;
; VGA_B[2]     ; 3.3-V LVTTL  ; 0 s                 ; 0 s                 ; 3.46 V                       ; 5.04e-07 V                   ; 3.65 V              ; -0.0209 V           ; 0.391 V                              ; 0.09 V                               ; 2.79e-10 s                  ; 3.95e-10 s                  ; No                         ; Yes                        ; 3.46 V                      ; 5.04e-07 V                  ; 3.65 V             ; -0.0209 V          ; 0.391 V                             ; 0.09 V                              ; 2.79e-10 s                 ; 3.95e-10 s                 ; No                        ; Yes                       ;
; VGA_B[3]     ; 3.3-V LVTTL  ; 0 s                 ; 0 s                 ; 3.46 V                       ; 5.04e-07 V                   ; 3.64 V              ; -0.0201 V           ; 0.391 V                              ; 0.088 V                              ; 2.79e-10 s                  ; 3.95e-10 s                  ; No                         ; Yes                        ; 3.46 V                      ; 5.04e-07 V                  ; 3.64 V             ; -0.0201 V          ; 0.391 V                             ; 0.088 V                             ; 2.79e-10 s                 ; 3.95e-10 s                 ; No                        ; Yes                       ;
; VGA_HS       ; 3.3-V LVTTL  ; 0 s                 ; 0 s                 ; 3.46 V                       ; 5.04e-07 V                   ; 3.65 V              ; -0.0209 V           ; 0.391 V                              ; 0.09 V                               ; 2.79e-10 s                  ; 3.95e-10 s                  ; No                         ; Yes                        ; 3.46 V                      ; 5.04e-07 V                  ; 3.65 V             ; -0.0209 V          ; 0.391 V                             ; 0.09 V                              ; 2.79e-10 s                 ; 3.95e-10 s                 ; No                        ; Yes                       ;
; VGA_VS       ; 3.3-V LVTTL  ; 0 s                 ; 0 s                 ; 3.46 V                       ; 5.04e-07 V                   ; 3.64 V              ; -0.0201 V           ; 0.391 V                              ; 0.088 V                              ; 2.79e-10 s                  ; 3.95e-10 s                  ; No                         ; Yes                        ; 3.46 V                      ; 5.04e-07 V                  ; 3.64 V             ; -0.0201 V          ; 0.391 V                             ; 0.088 V                             ; 2.79e-10 s                 ; 3.95e-10 s                 ; No                        ; Yes                       ;
; GPIO[0]      ; 3.3-V LVTTL  ; 0 s                 ; 0 s                 ; 3.46 V                       ; 5.04e-07 V                   ; 3.63 V              ; -0.0264 V           ; 0.468 V                              ; 0.142 V                              ; 3.02e-10 s                  ; 4.42e-10 s                  ; No                         ; Yes                        ; 3.46 V                      ; 5.04e-07 V                  ; 3.63 V             ; -0.0264 V          ; 0.468 V                             ; 0.142 V                             ; 3.02e-10 s                 ; 4.42e-10 s                 ; No                        ; Yes                       ;
; GPIO[1]      ; 3.3-V LVTTL  ; 0 s                 ; 0 s                 ; 3.46 V                       ; 5.04e-07 V                   ; 3.63 V              ; -0.0264 V           ; 0.468 V                              ; 0.142 V                              ; 3.02e-10 s                  ; 4.42e-10 s                  ; No                         ; Yes                        ; 3.46 V                      ; 5.04e-07 V                  ; 3.63 V             ; -0.0264 V          ; 0.468 V                             ; 0.142 V                             ; 3.02e-10 s                 ; 4.42e-10 s                 ; No                        ; Yes                       ;
; GPIO[2]      ; 3.3-V LVTTL  ; 0 s                 ; 0 s                 ; 3.46 V                       ; 5.04e-07 V                   ; 3.63 V              ; -0.0257 V           ; 0.468 V                              ; 0.138 V                              ; 3.02e-10 s                  ; 4.44e-10 s                  ; No                         ; Yes                        ; 3.46 V                      ; 5.04e-07 V                  ; 3.63 V             ; -0.0257 V          ; 0.468 V                             ; 0.138 V                             ; 3.02e-10 s                 ; 4.44e-10 s                 ; No                        ; Yes                       ;
; GPIO[3]      ; 3.3-V LVTTL  ; 0 s                 ; 0 s                 ; 3.46 V                       ; 5.04e-07 V                   ; 3.63 V              ; -0.0257 V           ; 0.468 V                              ; 0.138 V                              ; 3.02e-10 s                  ; 4.44e-10 s                  ; No                         ; Yes                        ; 3.46 V                      ; 5.04e-07 V                  ; 3.63 V             ; -0.0257 V          ; 0.468 V                             ; 0.138 V                             ; 3.02e-10 s                 ; 4.44e-10 s                 ; No                        ; Yes                       ;
; GPIO[4]      ; 3.3-V LVTTL  ; 0 s                 ; 0 s                 ; 3.46 V                       ; 5.04e-07 V                   ; 3.63 V              ; -0.0264 V           ; 0.468 V                              ; 0.142 V                              ; 3.02e-10 s                  ; 4.42e-10 s                  ; No                         ; Yes                        ; 3.46 V                      ; 5.04e-07 V                  ; 3.63 V             ; -0.0264 V          ; 0.468 V                             ; 0.142 V                             ; 3.02e-10 s                 ; 4.42e-10 s                 ; No                        ; Yes                       ;
; GPIO[5]      ; 3.3-V LVTTL  ; 0 s                 ; 0 s                 ; 3.46 V                       ; 5.04e-07 V                   ; 3.63 V              ; -0.0264 V           ; 0.468 V                              ; 0.142 V                              ; 3.02e-10 s                  ; 4.42e-10 s                  ; No                         ; Yes                        ; 3.46 V                      ; 5.04e-07 V                  ; 3.63 V             ; -0.0264 V          ; 0.468 V                             ; 0.142 V                             ; 3.02e-10 s                 ; 4.42e-10 s                 ; No                        ; Yes                       ;
; GPIO[6]      ; 3.3-V LVTTL  ; 0 s                 ; 0 s                 ; 3.46 V                       ; 5.04e-07 V                   ; 3.63 V              ; -0.0257 V           ; 0.468 V                              ; 0.138 V                              ; 3.02e-10 s                  ; 4.44e-10 s                  ; No                         ; Yes                        ; 3.46 V                      ; 5.04e-07 V                  ; 3.63 V             ; -0.0257 V          ; 0.468 V                             ; 0.138 V                             ; 3.02e-10 s                 ; 4.44e-10 s                 ; No                        ; Yes                       ;
; GPIO[7]      ; 3.3-V LVTTL  ; 0 s                 ; 0 s                 ; 3.46 V                       ; 5.04e-07 V                   ; 3.63 V              ; -0.0257 V           ; 0.468 V                              ; 0.138 V                              ; 3.02e-10 s                  ; 4.44e-10 s                  ; No                         ; Yes                        ; 3.46 V                      ; 5.04e-07 V                  ; 3.63 V             ; -0.0257 V          ; 0.468 V                             ; 0.138 V                             ; 3.02e-10 s                 ; 4.44e-10 s                 ; No                        ; Yes                       ;
; GPIO[8]      ; 3.3-V LVTTL  ; 0 s                 ; 0 s                 ; 3.46 V                       ; 5.04e-07 V                   ; 3.63 V              ; -0.0264 V           ; 0.468 V                              ; 0.142 V                              ; 3.02e-10 s                  ; 4.42e-10 s                  ; No                         ; Yes                        ; 3.46 V                      ; 5.04e-07 V                  ; 3.63 V             ; -0.0264 V          ; 0.468 V                             ; 0.142 V                             ; 3.02e-10 s                 ; 4.42e-10 s                 ; No                        ; Yes                       ;
; GPIO[9]      ; 3.3-V LVTTL  ; 0 s                 ; 0 s                 ; 3.46 V                       ; 5.04e-07 V                   ; 3.64 V              ; -0.0201 V           ; 0.391 V                              ; 0.088 V                              ; 2.79e-10 s                  ; 3.95e-10 s                  ; No                         ; Yes                        ; 3.46 V                      ; 5.04e-07 V                  ; 3.64 V             ; -0.0201 V          ; 0.391 V                             ; 0.088 V                             ; 2.79e-10 s                 ; 3.95e-10 s                 ; No                        ; Yes                       ;
; GPIO[10]     ; 3.3-V LVTTL  ; 0 s                 ; 0 s                 ; 3.46 V                       ; 5.04e-07 V                   ; 3.63 V              ; -0.0257 V           ; 0.468 V                              ; 0.138 V                              ; 3.02e-10 s                  ; 4.44e-10 s                  ; No                         ; Yes                        ; 3.46 V                      ; 5.04e-07 V                  ; 3.63 V             ; -0.0257 V          ; 0.468 V                             ; 0.138 V                             ; 3.02e-10 s                 ; 4.44e-10 s                 ; No                        ; Yes                       ;
; GPIO[11]     ; 3.3-V LVTTL  ; 0 s                 ; 0 s                 ; 3.46 V                       ; 5.04e-07 V                   ; 3.65 V              ; -0.0209 V           ; 0.391 V                              ; 0.09 V                               ; 2.79e-10 s                  ; 3.95e-10 s                  ; No                         ; Yes                        ; 3.46 V                      ; 5.04e-07 V                  ; 3.65 V             ; -0.0209 V          ; 0.391 V                             ; 0.09 V                              ; 2.79e-10 s                 ; 3.95e-10 s                 ; No                        ; Yes                       ;
; GPIO[12]     ; 3.3-V LVTTL  ; 0 s                 ; 0 s                 ; 3.46 V                       ; 5.04e-07 V                   ; 3.65 V              ; -0.0209 V           ; 0.391 V                              ; 0.09 V                               ; 2.79e-10 s                  ; 3.95e-10 s                  ; No                         ; Yes                        ; 3.46 V                      ; 5.04e-07 V                  ; 3.65 V             ; -0.0209 V          ; 0.391 V                             ; 0.09 V                              ; 2.79e-10 s                 ; 3.95e-10 s                 ; No                        ; Yes                       ;
; GPIO[13]     ; 3.3-V LVTTL  ; 0 s                 ; 0 s                 ; 3.46 V                       ; 5.04e-07 V                   ; 3.64 V              ; -0.0201 V           ; 0.391 V                              ; 0.088 V                              ; 2.79e-10 s                  ; 3.95e-10 s                  ; No                         ; Yes                        ; 3.46 V                      ; 5.04e-07 V                  ; 3.64 V             ; -0.0201 V          ; 0.391 V                             ; 0.088 V                             ; 2.79e-10 s                 ; 3.95e-10 s                 ; No                        ; Yes                       ;
; GPIO[14]     ; 3.3-V LVTTL  ; 0 s                 ; 0 s                 ; 3.46 V                       ; 5.04e-07 V                   ; 3.65 V              ; -0.0209 V           ; 0.391 V                              ; 0.09 V                               ; 2.79e-10 s                  ; 3.95e-10 s                  ; No                         ; Yes                        ; 3.46 V                      ; 5.04e-07 V                  ; 3.65 V             ; -0.0209 V          ; 0.391 V                             ; 0.09 V                              ; 2.79e-10 s                 ; 3.95e-10 s                 ; No                        ; Yes                       ;
; GPIO[15]     ; 3.3-V LVTTL  ; 0 s                 ; 0 s                 ; 3.46 V                       ; 5.04e-07 V                   ; 3.64 V              ; -0.0201 V           ; 0.391 V                              ; 0.088 V                              ; 2.79e-10 s                  ; 3.95e-10 s                  ; No                         ; Yes                        ; 3.46 V                      ; 5.04e-07 V                  ; 3.64 V             ; -0.0201 V          ; 0.391 V                             ; 0.088 V                             ; 2.79e-10 s                 ; 3.95e-10 s                 ; No                        ; Yes                       ;
; GPIO[16]     ; 3.3-V LVTTL  ; 0 s                 ; 0 s                 ; 3.46 V                       ; 5.04e-07 V                   ; 3.65 V              ; -0.0209 V           ; 0.391 V                              ; 0.09 V                               ; 2.79e-10 s                  ; 3.95e-10 s                  ; No                         ; Yes                        ; 3.46 V                      ; 5.04e-07 V                  ; 3.65 V             ; -0.0209 V          ; 0.391 V                             ; 0.09 V                              ; 2.79e-10 s                 ; 3.95e-10 s                 ; No                        ; Yes                       ;
; GPIO[17]     ; 3.3-V LVTTL  ; 0 s                 ; 0 s                 ; 3.46 V                       ; 5.04e-07 V                   ; 3.64 V              ; -0.0201 V           ; 0.391 V                              ; 0.088 V                              ; 2.79e-10 s                  ; 3.95e-10 s                  ; No                         ; Yes                        ; 3.46 V                      ; 5.04e-07 V                  ; 3.64 V             ; -0.0201 V          ; 0.391 V                             ; 0.088 V                             ; 2.79e-10 s                 ; 3.95e-10 s                 ; No                        ; Yes                       ;
; GPIO[18]     ; 3.3-V LVTTL  ; 0 s                 ; 0 s                 ; 3.46 V                       ; 5.04e-07 V                   ; 3.64 V              ; -0.0201 V           ; 0.391 V                              ; 0.088 V                              ; 2.79e-10 s                  ; 3.95e-10 s                  ; No                         ; Yes                        ; 3.46 V                      ; 5.04e-07 V                  ; 3.64 V             ; -0.0201 V          ; 0.391 V                             ; 0.088 V                             ; 2.79e-10 s                 ; 3.95e-10 s                 ; No                        ; Yes                       ;
; GPIO[19]     ; 3.3-V LVTTL  ; 0 s                 ; 0 s                 ; 3.46 V                       ; 5.04e-07 V                   ; 3.65 V              ; -0.0209 V           ; 0.391 V                              ; 0.09 V                               ; 2.79e-10 s                  ; 3.95e-10 s                  ; No                         ; Yes                        ; 3.46 V                      ; 5.04e-07 V                  ; 3.65 V             ; -0.0209 V          ; 0.391 V                             ; 0.09 V                              ; 2.79e-10 s                 ; 3.95e-10 s                 ; No                        ; Yes                       ;
; GPIO[20]     ; 3.3-V LVTTL  ; 0 s                 ; 0 s                 ; 3.46 V                       ; 5.04e-07 V                   ; 3.65 V              ; -0.0209 V           ; 0.391 V                              ; 0.09 V                               ; 2.79e-10 s                  ; 3.95e-10 s                  ; No                         ; Yes                        ; 3.46 V                      ; 5.04e-07 V                  ; 3.65 V             ; -0.0209 V          ; 0.391 V                             ; 0.09 V                              ; 2.79e-10 s                 ; 3.95e-10 s                 ; No                        ; Yes                       ;
; GPIO[21]     ; 3.3-V LVTTL  ; 0 s                 ; 0 s                 ; 3.46 V                       ; 5.04e-07 V                   ; 3.63 V              ; -0.0264 V           ; 0.468 V                              ; 0.142 V                              ; 3.02e-10 s                  ; 4.42e-10 s                  ; No                         ; Yes                        ; 3.46 V                      ; 5.04e-07 V                  ; 3.63 V             ; -0.0264 V          ; 0.468 V                             ; 0.142 V                             ; 3.02e-10 s                 ; 4.42e-10 s                 ; No                        ; Yes                       ;
; GPIO[22]     ; 3.3-V LVTTL  ; 0 s                 ; 0 s                 ; 3.46 V                       ; 5.04e-07 V                   ; 3.65 V              ; -0.0209 V           ; 0.391 V                              ; 0.09 V                               ; 2.79e-10 s                  ; 3.95e-10 s                  ; No                         ; Yes                        ; 3.46 V                      ; 5.04e-07 V                  ; 3.65 V             ; -0.0209 V          ; 0.391 V                             ; 0.09 V                              ; 2.79e-10 s                 ; 3.95e-10 s                 ; No                        ; Yes                       ;
; GPIO[23]     ; 3.3-V LVTTL  ; 0 s                 ; 0 s                 ; 3.46 V                       ; 5.04e-07 V                   ; 3.64 V              ; -0.0201 V           ; 0.391 V                              ; 0.088 V                              ; 2.79e-10 s                  ; 3.95e-10 s                  ; No                         ; Yes                        ; 3.46 V                      ; 5.04e-07 V                  ; 3.64 V             ; -0.0201 V          ; 0.391 V                             ; 0.088 V                             ; 2.79e-10 s                 ; 3.95e-10 s                 ; No                        ; Yes                       ;
; GPIO[24]     ; 3.3-V LVTTL  ; 0 s                 ; 0 s                 ; 3.46 V                       ; 5.04e-07 V                   ; 3.65 V              ; -0.0209 V           ; 0.391 V                              ; 0.09 V                               ; 2.79e-10 s                  ; 3.95e-10 s                  ; No                         ; Yes                        ; 3.46 V                      ; 5.04e-07 V                  ; 3.65 V             ; -0.0209 V          ; 0.391 V                             ; 0.09 V                              ; 2.79e-10 s                 ; 3.95e-10 s                 ; No                        ; Yes                       ;
; GPIO[25]     ; 3.3-V LVTTL  ; 0 s                 ; 0 s                 ; 3.46 V                       ; 5.04e-07 V                   ; 3.65 V              ; -0.0209 V           ; 0.391 V                              ; 0.09 V                               ; 2.79e-10 s                  ; 3.95e-10 s                  ; No                         ; Yes                        ; 3.46 V                      ; 5.04e-07 V                  ; 3.65 V             ; -0.0209 V          ; 0.391 V                             ; 0.09 V                              ; 2.79e-10 s                 ; 3.95e-10 s                 ; No                        ; Yes                       ;
; GPIO[26]     ; 3.3-V LVTTL  ; 0 s                 ; 0 s                 ; 3.46 V                       ; 5.04e-07 V                   ; 3.63 V              ; -0.0264 V           ; 0.468 V                              ; 0.142 V                              ; 3.02e-10 s                  ; 4.42e-10 s                  ; No                         ; Yes                        ; 3.46 V                      ; 5.04e-07 V                  ; 3.63 V             ; -0.0264 V          ; 0.468 V                             ; 0.142 V                             ; 3.02e-10 s                 ; 4.42e-10 s                 ; No                        ; Yes                       ;
; GPIO[27]     ; 3.3-V LVTTL  ; 0 s                 ; 0 s                 ; 3.46 V                       ; 5.04e-07 V                   ; 3.64 V              ; -0.0201 V           ; 0.391 V                              ; 0.088 V                              ; 2.79e-10 s                  ; 3.95e-10 s                  ; No                         ; Yes                        ; 3.46 V                      ; 5.04e-07 V                  ; 3.64 V             ; -0.0201 V          ; 0.391 V                             ; 0.088 V                             ; 2.79e-10 s                 ; 3.95e-10 s                 ; No                        ; Yes                       ;
; GPIO[28]     ; 3.3-V LVTTL  ; 0 s                 ; 0 s                 ; 3.46 V                       ; 5.04e-07 V                   ; 3.63 V              ; -0.0257 V           ; 0.468 V                              ; 0.138 V                              ; 3.02e-10 s                  ; 4.44e-10 s                  ; No                         ; Yes                        ; 3.46 V                      ; 5.04e-07 V                  ; 3.63 V             ; -0.0257 V          ; 0.468 V                             ; 0.138 V                             ; 3.02e-10 s                 ; 4.44e-10 s                 ; No                        ; Yes                       ;
; GPIO[29]     ; 3.3-V LVTTL  ; 0 s                 ; 0 s                 ; 3.46 V                       ; 5.04e-07 V                   ; 3.65 V              ; -0.0209 V           ; 0.391 V                              ; 0.09 V                               ; 2.79e-10 s                  ; 3.95e-10 s                  ; No                         ; Yes                        ; 3.46 V                      ; 5.04e-07 V                  ; 3.65 V             ; -0.0209 V          ; 0.391 V                             ; 0.09 V                              ; 2.79e-10 s                 ; 3.95e-10 s                 ; No                        ; Yes                       ;
; GPIO[30]     ; 3.3-V LVTTL  ; 0 s                 ; 0 s                 ; 3.46 V                       ; 5.04e-07 V                   ; 3.65 V              ; -0.0209 V           ; 0.391 V                              ; 0.09 V                               ; 2.79e-10 s                  ; 3.95e-10 s                  ; No                         ; Yes                        ; 3.46 V                      ; 5.04e-07 V                  ; 3.65 V             ; -0.0209 V          ; 0.391 V                             ; 0.09 V                              ; 2.79e-10 s                 ; 3.95e-10 s                 ; No                        ; Yes                       ;
; GPIO[31]     ; 3.3-V LVTTL  ; 0 s                 ; 0 s                 ; 3.46 V                       ; 5.04e-07 V                   ; 3.64 V              ; -0.0201 V           ; 0.391 V                              ; 0.088 V                              ; 2.79e-10 s                  ; 3.95e-10 s                  ; No                         ; Yes                        ; 3.46 V                      ; 5.04e-07 V                  ; 3.64 V             ; -0.0201 V          ; 0.391 V                             ; 0.088 V                             ; 2.79e-10 s                 ; 3.95e-10 s                 ; No                        ; Yes                       ;
; GPIO[32]     ; 3.3-V LVTTL  ; 0 s                 ; 0 s                 ; 3.46 V                       ; 5.04e-07 V                   ; 3.64 V              ; -0.0201 V           ; 0.391 V                              ; 0.088 V                              ; 2.79e-10 s                  ; 3.95e-10 s                  ; No                         ; Yes                        ; 3.46 V                      ; 5.04e-07 V                  ; 3.64 V             ; -0.0201 V          ; 0.391 V                             ; 0.088 V                             ; 2.79e-10 s                 ; 3.95e-10 s                 ; No                        ; Yes                       ;
; GPIO[33]     ; 3.3-V LVTTL  ; 0 s                 ; 0 s                 ; 3.46 V                       ; 5.04e-07 V                   ; 3.65 V              ; -0.0209 V           ; 0.391 V                              ; 0.09 V                               ; 2.79e-10 s                  ; 3.95e-10 s                  ; No                         ; Yes                        ; 3.46 V                      ; 5.04e-07 V                  ; 3.65 V             ; -0.0209 V          ; 0.391 V                             ; 0.09 V                              ; 2.79e-10 s                 ; 3.95e-10 s                 ; No                        ; Yes                       ;
; GPIO[34]     ; 3.3-V LVTTL  ; 0 s                 ; 0 s                 ; 3.46 V                       ; 5.04e-07 V                   ; 3.65 V              ; -0.0209 V           ; 0.391 V                              ; 0.09 V                               ; 2.79e-10 s                  ; 3.95e-10 s                  ; No                         ; Yes                        ; 3.46 V                      ; 5.04e-07 V                  ; 3.65 V             ; -0.0209 V          ; 0.391 V                             ; 0.09 V                              ; 2.79e-10 s                 ; 3.95e-10 s                 ; No                        ; Yes                       ;
; GPIO[35]     ; 3.3-V LVTTL  ; 0 s                 ; 0 s                 ; 3.46 V                       ; 5.04e-07 V                   ; 3.64 V              ; -0.0201 V           ; 0.391 V                              ; 0.088 V                              ; 2.79e-10 s                  ; 3.95e-10 s                  ; No                         ; Yes                        ; 3.46 V                      ; 5.04e-07 V                  ; 3.64 V             ; -0.0201 V          ; 0.391 V                             ; 0.088 V                             ; 2.79e-10 s                 ; 3.95e-10 s                 ; No                        ; Yes                       ;
; ~ALTERA_TDO~ ; 2.5 V        ; 0 s                 ; 0 s                 ; 2.62 V                       ; 1.68e-07 V                   ; 2.73 V              ; -0.0395 V           ; 0.361 V                              ; 0.109 V                              ; 3.1e-10 s                   ; 4.41e-10 s                  ; No                         ; Yes                        ; 2.62 V                      ; 1.68e-07 V                  ; 2.73 V             ; -0.0395 V          ; 0.361 V                             ; 0.109 V                             ; 3.1e-10 s                  ; 4.41e-10 s                 ; No                        ; Yes                       ;
+--------------+--------------+---------------------+---------------------+------------------------------+------------------------------+---------------------+---------------------+--------------------------------------+--------------------------------------+-----------------------------+-----------------------------+----------------------------+----------------------------+-----------------------------+-----------------------------+--------------------+--------------------+-------------------------------------+-------------------------------------+----------------------------+----------------------------+---------------------------+---------------------------+


+---------------------------------------------------------------------------------------------------------------------------------------------------+
; Setup Transfers                                                                                                                                   ;
+-------------------------------------------------+-------------------------------------------------+--------------+----------+----------+----------+
; From Clock                                      ; To Clock                                        ; RR Paths     ; FR Paths ; RF Paths ; FF Paths ;
+-------------------------------------------------+-------------------------------------------------+--------------+----------+----------+----------+
; pll|altpll_component|auto_generated|pll1|clk[0] ; pll|altpll_component|auto_generated|pll1|clk[0] ; 474904874    ; 0        ; 0        ; 0        ;
; pll|altpll_component|auto_generated|pll1|clk[1] ; pll|altpll_component|auto_generated|pll1|clk[0] ; 27528        ; 0        ; 0        ; 0        ;
; pll|altpll_component|auto_generated|pll1|clk[2] ; pll|altpll_component|auto_generated|pll1|clk[0] ; 6882         ; 0        ; 0        ; 0        ;
; pll|altpll_component|auto_generated|pll1|clk[0] ; pll|altpll_component|auto_generated|pll1|clk[1] ; > 2147483647 ; 0        ; 0        ; 0        ;
; pll|altpll_component|auto_generated|pll1|clk[1] ; pll|altpll_component|auto_generated|pll1|clk[1] ; 491895       ; 0        ; 0        ; 0        ;
; pll|altpll_component|auto_generated|pll1|clk[2] ; pll|altpll_component|auto_generated|pll1|clk[1] ; 122652       ; 0        ; 0        ; 0        ;
; pll|altpll_component|auto_generated|pll1|clk[0] ; pll|altpll_component|auto_generated|pll1|clk[2] ; 144356679    ; 0        ; 0        ; 0        ;
; pll|altpll_component|auto_generated|pll1|clk[1] ; pll|altpll_component|auto_generated|pll1|clk[2] ; 8172         ; 0        ; 0        ; 0        ;
; pll|altpll_component|auto_generated|pll1|clk[2] ; pll|altpll_component|auto_generated|pll1|clk[2] ; 99892        ; 0        ; 0        ; 0        ;
+-------------------------------------------------+-------------------------------------------------+--------------+----------+----------+----------+
Entries labeled "false path" only account for clock-to-clock false paths and not path-based false paths. As a result, actual path counts may be lower than reported.


+---------------------------------------------------------------------------------------------------------------------------------------------------+
; Hold Transfers                                                                                                                                    ;
+-------------------------------------------------+-------------------------------------------------+--------------+----------+----------+----------+
; From Clock                                      ; To Clock                                        ; RR Paths     ; FR Paths ; RF Paths ; FF Paths ;
+-------------------------------------------------+-------------------------------------------------+--------------+----------+----------+----------+
; pll|altpll_component|auto_generated|pll1|clk[0] ; pll|altpll_component|auto_generated|pll1|clk[0] ; 474904874    ; 0        ; 0        ; 0        ;
; pll|altpll_component|auto_generated|pll1|clk[1] ; pll|altpll_component|auto_generated|pll1|clk[0] ; 27528        ; 0        ; 0        ; 0        ;
; pll|altpll_component|auto_generated|pll1|clk[2] ; pll|altpll_component|auto_generated|pll1|clk[0] ; 6882         ; 0        ; 0        ; 0        ;
; pll|altpll_component|auto_generated|pll1|clk[0] ; pll|altpll_component|auto_generated|pll1|clk[1] ; > 2147483647 ; 0        ; 0        ; 0        ;
; pll|altpll_component|auto_generated|pll1|clk[1] ; pll|altpll_component|auto_generated|pll1|clk[1] ; 491895       ; 0        ; 0        ; 0        ;
; pll|altpll_component|auto_generated|pll1|clk[2] ; pll|altpll_component|auto_generated|pll1|clk[1] ; 122652       ; 0        ; 0        ; 0        ;
; pll|altpll_component|auto_generated|pll1|clk[0] ; pll|altpll_component|auto_generated|pll1|clk[2] ; 144356679    ; 0        ; 0        ; 0        ;
; pll|altpll_component|auto_generated|pll1|clk[1] ; pll|altpll_component|auto_generated|pll1|clk[2] ; 8172         ; 0        ; 0        ; 0        ;
; pll|altpll_component|auto_generated|pll1|clk[2] ; pll|altpll_component|auto_generated|pll1|clk[2] ; 99892        ; 0        ; 0        ; 0        ;
+-------------------------------------------------+-------------------------------------------------+--------------+----------+----------+----------+
Entries labeled "false path" only account for clock-to-clock false paths and not path-based false paths. As a result, actual path counts may be lower than reported.


---------------
; Report TCCS ;
---------------
No dedicated SERDES Transmitter circuitry present in device or used in design


---------------
; Report RSKM ;
---------------
No non-DPA dedicated SERDES Receiver circuitry present in device or used in design


+------------------------------------------------+
; Unconstrained Paths Summary                    ;
+---------------------------------+-------+------+
; Property                        ; Setup ; Hold ;
+---------------------------------+-------+------+
; Illegal Clocks                  ; 0     ; 0    ;
; Unconstrained Clocks            ; 0     ; 0    ;
; Unconstrained Input Ports       ; 4     ; 4    ;
; Unconstrained Input Port Paths  ; 84    ; 84   ;
; Unconstrained Output Ports      ; 25    ; 25   ;
; Unconstrained Output Port Paths ; 29    ; 29   ;
+---------------------------------+-------+------+


+-----------------------------------------------------------------------------------------------------------------------------+
; Clock Status Summary                                                                                                        ;
+-------------------------------------------------+-------------------------------------------------+-----------+-------------+
; Target                                          ; Clock                                           ; Type      ; Status      ;
+-------------------------------------------------+-------------------------------------------------+-----------+-------------+
; MAX10_CLK1_50                                   ; MAX10_CLK1_50                                   ; Base      ; Constrained ;
; pll|altpll_component|auto_generated|pll1|clk[0] ; pll|altpll_component|auto_generated|pll1|clk[0] ; Generated ; Constrained ;
; pll|altpll_component|auto_generated|pll1|clk[1] ; pll|altpll_component|auto_generated|pll1|clk[1] ; Generated ; Constrained ;
; pll|altpll_component|auto_generated|pll1|clk[2] ; pll|altpll_component|auto_generated|pll1|clk[2] ; Generated ; Constrained ;
+-------------------------------------------------+-------------------------------------------------+-----------+-------------+


+---------------------------------------------------------------------------------------------------+
; Unconstrained Input Ports                                                                         ;
+------------+--------------------------------------------------------------------------------------+
; Input Port ; Comment                                                                              ;
+------------+--------------------------------------------------------------------------------------+
; GPIO[24]   ; No input delay, min/max delays, false-path exceptions, or max skew assignments found ;
; GPIO[25]   ; No input delay, min/max delays, false-path exceptions, or max skew assignments found ;
; GPIO[26]   ; No input delay, min/max delays, false-path exceptions, or max skew assignments found ;
; KEY[0]     ; No input delay, min/max delays, false-path exceptions, or max skew assignments found ;
+------------+--------------------------------------------------------------------------------------+


+-----------------------------------------------------------------------------------------------------+
; Unconstrained Output Ports                                                                          ;
+-------------+---------------------------------------------------------------------------------------+
; Output Port ; Comment                                                                               ;
+-------------+---------------------------------------------------------------------------------------+
; GPIO[27]    ; No output delay, min/max delays, false-path exceptions, or max skew assignments found ;
; GPIO[28]    ; No output delay, min/max delays, false-path exceptions, or max skew assignments found ;
; GPIO[29]    ; No output delay, min/max delays, false-path exceptions, or max skew assignments found ;
; LEDR[0]     ; No output delay, min/max delays, false-path exceptions, or max skew assignments found ;
; LEDR[1]     ; No output delay, min/max delays, false-path exceptions, or max skew assignments found ;
; LEDR[2]     ; No output delay, min/max delays, false-path exceptions, or max skew assignments found ;
; LEDR[3]     ; No output delay, min/max delays, false-path exceptions, or max skew assignments found ;
; LEDR[4]     ; No output delay, min/max delays, false-path exceptions, or max skew assignments found ;
; LEDR[5]     ; No output delay, min/max delays, false-path exceptions, or max skew assignments found ;
; LEDR[6]     ; No output delay, min/max delays, false-path exceptions, or max skew assignments found ;
; LEDR[7]     ; No output delay, min/max delays, false-path exceptions, or max skew assignments found ;
; VGA_B[0]    ; No output delay, min/max delays, false-path exceptions, or max skew assignments found ;
; VGA_B[1]    ; No output delay, min/max delays, false-path exceptions, or max skew assignments found ;
; VGA_B[2]    ; No output delay, min/max delays, false-path exceptions, or max skew assignments found ;
; VGA_B[3]    ; No output delay, min/max delays, false-path exceptions, or max skew assignments found ;
; VGA_G[0]    ; No output delay, min/max delays, false-path exceptions, or max skew assignments found ;
; VGA_G[1]    ; No output delay, min/max delays, false-path exceptions, or max skew assignments found ;
; VGA_G[2]    ; No output delay, min/max delays, false-path exceptions, or max skew assignments found ;
; VGA_G[3]    ; No output delay, min/max delays, false-path exceptions, or max skew assignments found ;
; VGA_HS      ; No output delay, min/max delays, false-path exceptions, or max skew assignments found ;
; VGA_R[0]    ; No output delay, min/max delays, false-path exceptions, or max skew assignments found ;
; VGA_R[1]    ; No output delay, min/max delays, false-path exceptions, or max skew assignments found ;
; VGA_R[2]    ; No output delay, min/max delays, false-path exceptions, or max skew assignments found ;
; VGA_R[3]    ; No output delay, min/max delays, false-path exceptions, or max skew assignments found ;
; VGA_VS      ; No output delay, min/max delays, false-path exceptions, or max skew assignments found ;
+-------------+---------------------------------------------------------------------------------------+


+---------------------------------------------------------------------------------------------------+
; Unconstrained Input Ports                                                                         ;
+------------+--------------------------------------------------------------------------------------+
; Input Port ; Comment                                                                              ;
+------------+--------------------------------------------------------------------------------------+
; GPIO[24]   ; No input delay, min/max delays, false-path exceptions, or max skew assignments found ;
; GPIO[25]   ; No input delay, min/max delays, false-path exceptions, or max skew assignments found ;
; GPIO[26]   ; No input delay, min/max delays, false-path exceptions, or max skew assignments found ;
; KEY[0]     ; No input delay, min/max delays, false-path exceptions, or max skew assignments found ;
+------------+--------------------------------------------------------------------------------------+


+-----------------------------------------------------------------------------------------------------+
; Unconstrained Output Ports                                                                          ;
+-------------+---------------------------------------------------------------------------------------+
; Output Port ; Comment                                                                               ;
+-------------+---------------------------------------------------------------------------------------+
; GPIO[27]    ; No output delay, min/max delays, false-path exceptions, or max skew assignments found ;
; GPIO[28]    ; No output delay, min/max delays, false-path exceptions, or max skew assignments found ;
; GPIO[29]    ; No output delay, min/max delays, false-path exceptions, or max skew assignments found ;
; LEDR[0]     ; No output delay, min/max delays, false-path exceptions, or max skew assignments found ;
; LEDR[1]     ; No output delay, min/max delays, false-path exceptions, or max skew assignments found ;
; LEDR[2]     ; No output delay, min/max delays, false-path exceptions, or max skew assignments found ;
; LEDR[3]     ; No output delay, min/max delays, false-path exceptions, or max skew assignments found ;
; LEDR[4]     ; No output delay, min/max delays, false-path exceptions, or max skew assignments found ;
; LEDR[5]     ; No output delay, min/max delays, false-path exceptions, or max skew assignments found ;
; LEDR[6]     ; No output delay, min/max delays, false-path exceptions, or max skew assignments found ;
; LEDR[7]     ; No output delay, min/max delays, false-path exceptions, or max skew assignments found ;
; VGA_B[0]    ; No output delay, min/max delays, false-path exceptions, or max skew assignments found ;
; VGA_B[1]    ; No output delay, min/max delays, false-path exceptions, or max skew assignments found ;
; VGA_B[2]    ; No output delay, min/max delays, false-path exceptions, or max skew assignments found ;
; VGA_B[3]    ; No output delay, min/max delays, false-path exceptions, or max skew assignments found ;
; VGA_G[0]    ; No output delay, min/max delays, false-path exceptions, or max skew assignments found ;
; VGA_G[1]    ; No output delay, min/max delays, false-path exceptions, or max skew assignments found ;
; VGA_G[2]    ; No output delay, min/max delays, false-path exceptions, or max skew assignments found ;
; VGA_G[3]    ; No output delay, min/max delays, false-path exceptions, or max skew assignments found ;
; VGA_HS      ; No output delay, min/max delays, false-path exceptions, or max skew assignments found ;
; VGA_R[0]    ; No output delay, min/max delays, false-path exceptions, or max skew assignments found ;
; VGA_R[1]    ; No output delay, min/max delays, false-path exceptions, or max skew assignments found ;
; VGA_R[2]    ; No output delay, min/max delays, false-path exceptions, or max skew assignments found ;
; VGA_R[3]    ; No output delay, min/max delays, false-path exceptions, or max skew assignments found ;
; VGA_VS      ; No output delay, min/max delays, false-path exceptions, or max skew assignments found ;
+-------------+---------------------------------------------------------------------------------------+


+--------------------------+
; Timing Analyzer Messages ;
+--------------------------+
Info: *******************************************************************
Info: Running Quartus Prime Timing Analyzer
    Info: Version 24.1std.0 Build 1077 03/04/2025 SC Lite Edition
    Info: Processing started: Tue Sep 15 22:49:50 2026
Info: Command: quartus_sta hardisa -c hardisa
Info: qsta_default_script.tcl version: #1
Warning (18236): Number of processors has not been specified which may cause overloading on shared machines.  Set the global assignment NUM_PARALLEL_PROCESSORS in your QSF to an appropriate value for best performance.
Info (20030): Parallel compilation is enabled and will use 16 of the 16 processors detected
Info (21077): Low junction temperature is 0 degrees C
Info (21077): High junction temperature is 85 degrees C
Info (332104): Reading SDC File: 'de10_lite.sdc'
Info (332110): Deriving PLL clocks
    Info (332110): create_generated_clock -source {pll|altpll_component|auto_generated|pll1|inclk[0]} -divide_by 10 -duty_cycle 50.00 -name {pll|altpll_component|auto_generated|pll1|clk[0]} {pll|altpll_component|auto_generated|pll1|clk[0]}
    Info (332110): create_generated_clock -source {pll|altpll_component|auto_generated|pll1|inclk[0]} -divide_by 10 -phase 180.00 -duty_cycle 50.00 -name {pll|altpll_component|auto_generated|pll1|clk[1]} {pll|altpll_component|auto_generated|pll1|clk[1]}
    Info (332110): create_generated_clock -source {pll|altpll_component|auto_generated|pll1|inclk[0]} -divide_by 2 -duty_cycle 50.00 -name {pll|altpll_component|auto_generated|pll1|clk[2]} {pll|altpll_component|auto_generated|pll1|clk[2]}
Info (332151): Clock uncertainty is not calculated until you update the timing netlist.
Info (332123): Deriving Clock Uncertainty. Please refer to report_sdc in the Timing Analyzer to see clock uncertainties.
Info: Found TIMING_ANALYZER_REPORT_SCRIPT_INCLUDE_DEFAULT_ANALYSIS = ON
Info: Analyzing Slow 1200mV 85C Model
Info: Can't run Report Timing Closure Recommendations. The current device family is not supported.
Info (332146): Worst-case setup slack is 3.671
    Info (332119):     Slack       End Point TNS Clock 
    Info (332119): ========= =================== =====================
    Info (332119):     3.671               0.000 pll|altpll_component|auto_generated|pll1|clk[2] 
    Info (332119):     4.922               0.000 pll|altpll_component|auto_generated|pll1|clk[1] 
    Info (332119):    25.363               0.000 pll|altpll_component|auto_generated|pll1|clk[0] 
Info (332146): Worst-case hold slack is 0.315
    Info (332119):     Slack       End Point TNS Clock 
    Info (332119): ========= =================== =====================
    Info (332119):     0.315               0.000 pll|altpll_component|auto_generated|pll1|clk[1] 
    Info (332119):     0.420               0.000 pll|altpll_component|auto_generated|pll1|clk[2] 
    Info (332119):     0.433               0.000 pll|altpll_component|auto_generated|pll1|clk[0] 
Info (332140): No Recovery paths to report
Info (332140): No Removal paths to report
Info (332146): Worst-case minimum pulse width slack is 9.775
    Info (332119):     Slack       End Point TNS Clock 
    Info (332119): ========= =================== =====================
    Info (332119):     9.775               0.000 MAX10_CLK1_50 
    Info (332119):    19.684               0.000 pll|altpll_component|auto_generated|pll1|clk[2] 
    Info (332119):    99.650               0.000 pll|altpll_component|auto_generated|pll1|clk[1] 
    Info (332119):    99.753               0.000 pll|altpll_component|auto_generated|pll1|clk[0] 
Info (332114): Report Metastability: Found 1 synchronizer chains.
    Info (332114): The design MTBF is not calculated because there are no specified synchronizers in the design.
    Info (332114): Number of Synchronizer Chains Found: 1
    Info (332114): Shortest Synchronizer Chain: 2 Registers
    Info (332114): Fraction of Chains for which MTBFs Could Not be Calculated: 1.000
    Info (332114): Worst Case Available Settling Time: 395.545 ns
    Info (332114): 
Info (332115): Report Timing: Found 1 setup paths (0 violated).  Worst case slack is 3.671
    Info (332115): -to_clock [get_clocks {pll|altpll_component|auto_generated|pll1|clk[2]}]
    Info (332115): -setup
    Info (332115): -stdout
Info (332115): Path #1: Setup slack is 3.671 
    Info (332115): ===================================================================
    Info (332115): From Node    : ram:RAM|altsyncram:RAM_rtl_0|altsyncram_3qd1:auto_generated|ram_block1a24~porta_we_reg
    Info (332115): To Node      : PCU:PCU|VGA:VGAcontroller|flags[6]
    Info (332115): Launch Clock : pll|altpll_component|auto_generated|pll1|clk[1]
    Info (332115): Latch Clock  : pll|altpll_component|auto_generated|pll1|clk[2]
    Info (332115): 
    Info (332115): Data Arrival Path:
    Info (332115): 
    Info (332115): Total (ns)  Incr (ns)     Type  Element
    Info (332115): ==========  ========= ==  ====  ===================================
    Info (332115):    100.000    100.000           launch edge time
    Info (332115):    100.454      0.454  R        clock network delay
    Info (332115):    100.723      0.269     uTco  ram:RAM|altsyncram:RAM_rtl_0|altsyncram_3qd1:auto_generated|ram_block1a24~porta_we_reg
    Info (332115):    102.997      2.274 RF  CELL  RAM|RAM_rtl_0|auto_generated|ram_block1a24|portadataout[0]
    Info (332115):    105.129      2.132 FF    IC  RAM|RAM_rtl_0|auto_generated|mux2|result_node[0]~0|dataa
    Info (332115):    105.454      0.325 FF  CELL  RAM|RAM_rtl_0|auto_generated|mux2|result_node[0]~0|combout
    Info (332115):    105.677      0.223 FF    IC  RAM|RAM_rtl_0|auto_generated|mux2|result_node[0]~1|datad
    Info (332115):    105.776      0.099 FF  CELL  RAM|RAM_rtl_0|auto_generated|mux2|result_node[0]~1|combout
    Info (332115):    105.997      0.221 FF    IC  Mux7~2|datad
    Info (332115):    106.096      0.099 FF  CELL  Mux7~2|combout
    Info (332115):    107.035      0.939 FF    IC  Mux7|datab
    Info (332115):    107.372      0.337 FF  CELL  Mux7|combout
    Info (332115):    107.740      0.368 FF    IC  ALUb[0]~1|datad
    Info (332115):    107.839      0.099 FF  CELL  ALUb[0]~1|combout
    Info (332115):    108.064      0.225 FF    IC  ALUb[0]~2|datac
    Info (332115):    108.291      0.227 FF  CELL  ALUb[0]~2|combout
    Info (332115):    108.576      0.285 FF    IC  ALU|Add0~0|datab
    Info (332115):    108.958      0.382 FF  CELL  ALU|Add0~0|cout
    Info (332115):    108.958      0.000 FF    IC  ALU|Add0~2|cin
    Info (332115):    109.005      0.047 FR  CELL  ALU|Add0~2|cout
    Info (332115):    109.005      0.000 RR    IC  ALU|Add0~4|cin
    Info (332115):    109.052      0.047 RF  CELL  ALU|Add0~4|cout
    Info (332115):    109.052      0.000 FF    IC  ALU|Add0~6|cin
    Info (332115):    109.099      0.047 FR  CELL  ALU|Add0~6|cout
    Info (332115):    109.099      0.000 RR    IC  ALU|Add0~8|cin
    Info (332115):    109.570      0.471 RF  CELL  ALU|Add0~8|combout
    Info (332115):    110.229      0.659 FF    IC  ALU|Add1~8|dataa
    Info (332115):    110.608      0.379 FF  CELL  ALU|Add1~8|cout
    Info (332115):    110.608      0.000 FF    IC  ALU|Add1~10|cin
    Info (332115):    110.655      0.047 FR  CELL  ALU|Add1~10|cout
    Info (332115):    110.655      0.000 RR    IC  ALU|Add1~12|cin
    Info (332115):    111.126      0.471 RF  CELL  ALU|Add1~12|combout
    Info (332115):    111.391      0.265 FF    IC  ALU|Selector2~9|datab
    Info (332115):    111.706      0.315 FF  CELL  ALU|Selector2~9|combout
    Info (332115):    111.967      0.261 FF    IC  ALU|Selector2~10|datab
    Info (332115):    112.304      0.337 FF  CELL  ALU|Selector2~10|combout
    Info (332115):    113.451      1.147 FF    IC  ALU|Selector2~16|datac
    Info (332115):    113.678      0.227 FF  CELL  ALU|Selector2~16|combout
    Info (332115):    113.948      0.270 FF    IC  ALU|Selector2~12|dataa
    Info (332115):    114.270      0.322 FF  CELL  ALU|Selector2~12|combout
    Info (332115):    114.543      0.273 FF    IC  ALU|Selector2~13|dataa
    Info (332115):    114.865      0.322 FF  CELL  ALU|Selector2~13|combout
    Info (332115):    115.104      0.239 FF    IC  ALU|Selector2~14|datad
    Info (332115):    115.203      0.099 FF  CELL  ALU|Selector2~14|combout
    Info (332115):    115.917      0.714 FF    IC  PCU|VGAcontroller|flags[6]|asdata
    Info (332115):    116.286      0.369 FF  CELL  PCU:PCU|VGA:VGAcontroller|flags[6]
    Info (332115): 
    Info (332115): Data Required Path:
    Info (332115): 
    Info (332115): Total (ns)  Incr (ns)     Type  Element
    Info (332115): ==========  ========= ==  ====  ===================================
    Info (332115):    120.000    120.000           latch edge time
    Info (332115):    119.965     -0.035  R        clock network delay
    Info (332115):    119.945     -0.020           clock uncertainty
    Info (332115):    119.957      0.012     uTsu  PCU:PCU|VGA:VGAcontroller|flags[6]
    Info (332115): 
    Info (332115): Data Arrival Time  :   116.286
    Info (332115): Data Required Time :   119.957
    Info (332115): Slack              :     3.671 
    Info (332115): ===================================================================
    Info (332115): 
Info (332115): Report Timing: Found 1 setup paths (0 violated).  Worst case slack is 4.922
    Info (332115): -to_clock [get_clocks {pll|altpll_component|auto_generated|pll1|clk[1]}]
    Info (332115): -setup
    Info (332115): -stdout
Info (332115): Path #1: Setup slack is 4.922 
    Info (332115): ===================================================================
    Info (332115): From Node    : PCU:PCU|SD:SDcontroller|inByte[3]
    Info (332115): To Node      : PCU:PCU|VGA:VGAcontroller|buffer:buffer|altsyncram:RAM_rtl_0|altsyncram_hvi1:auto_generated|ram_block1a22~porta_we_reg
    Info (332115): Launch Clock : pll|altpll_component|auto_generated|pll1|clk[2]
    Info (332115): Latch Clock  : pll|altpll_component|auto_generated|pll1|clk[1]
    Info (332115): 
    Info (332115): Data Arrival Path:
    Info (332115): 
    Info (332115): Total (ns)  Incr (ns)     Type  Element
    Info (332115): ==========  ========= ==  ====  ===================================
    Info (332115):     80.000     80.000           launch edge time
    Info (332115):     79.947     -0.053  R        clock network delay
    Info (332115):     80.141      0.194     uTco  PCU:PCU|SD:SDcontroller|inByte[3]
    Info (332115):     80.141      0.000 FF  CELL  PCU|SDcontroller|inByte[3]|q
    Info (332115):     80.941      0.800 FF    IC  Mux4~0|datab
    Info (332115):     81.278      0.337 FF  CELL  Mux4~0|combout
    Info (332115):     81.552      0.274 FF    IC  Mux4~1|dataa
    Info (332115):     81.877      0.325 FF  CELL  Mux4~1|combout
    Info (332115):     82.149      0.272 FF    IC  Mux4|dataa
    Info (332115):     82.492      0.343 FF  CELL  Mux4|combout
    Info (332115):     83.462      0.970 FF    IC  ALUb[3]~13|datab
    Info (332115):     83.747      0.285 FF  CELL  ALUb[3]~13|combout
    Info (332115):     84.443      0.696 FF    IC  ALU|Add0~6|dataa
    Info (332115):     84.747      0.304 FR  CELL  ALU|Add0~6|cout
    Info (332115):     84.747      0.000 RR    IC  ALU|Add0~8|cin
    Info (332115):     85.218      0.471 RF  CELL  ALU|Add0~8|combout
    Info (332115):     85.877      0.659 FF    IC  ALU|Add1~8|dataa
    Info (332115):     86.256      0.379 FF  CELL  ALU|Add1~8|cout
    Info (332115):     86.256      0.000 FF    IC  ALU|Add1~10|cin
    Info (332115):     86.303      0.047 FR  CELL  ALU|Add1~10|cout
    Info (332115):     86.303      0.000 RR    IC  ALU|Add1~12|cin
    Info (332115):     86.774      0.471 RF  CELL  ALU|Add1~12|combout
    Info (332115):     87.039      0.265 FF    IC  ALU|Selector2~9|datab
    Info (332115):     87.354      0.315 FF  CELL  ALU|Selector2~9|combout
    Info (332115):     87.615      0.261 FF    IC  ALU|Selector2~10|datab
    Info (332115):     87.952      0.337 FF  CELL  ALU|Selector2~10|combout
    Info (332115):     89.099      1.147 FF    IC  ALU|Selector2~16|datac
    Info (332115):     89.326      0.227 FF  CELL  ALU|Selector2~16|combout
    Info (332115):     89.596      0.270 FF    IC  ALU|Selector2~12|dataa
    Info (332115):     89.918      0.322 FF  CELL  ALU|Selector2~12|combout
    Info (332115):     90.191      0.273 FF    IC  ALU|Selector2~13|dataa
    Info (332115):     90.513      0.322 FF  CELL  ALU|Selector2~13|combout
    Info (332115):     90.752      0.239 FF    IC  ALU|Selector2~14|datad
    Info (332115):     90.851      0.099 FF  CELL  ALU|Selector2~14|combout
    Info (332115):     91.601      0.750 FF    IC  PCU|VGAcontroller|buffer|RAM_rtl_0|auto_generated|decode2|w_anode572w[3]~0|datab
    Info (332115):     91.896      0.295 FF  CELL  PCU|VGAcontroller|buffer|RAM_rtl_0|auto_generated|decode2|w_anode572w[3]~0|combout
    Info (332115):     94.286      2.390 FF    IC  PCU|VGAcontroller|buffer|RAM_rtl_0|auto_generated|ram_block1a22|ena0
    Info (332115):     94.877      0.591 FF  CELL  PCU:PCU|VGA:VGAcontroller|buffer:buffer|altsyncram:RAM_rtl_0|altsyncram_hvi1:auto_generated|ram_block1a22~porta_we_reg
    Info (332115): 
    Info (332115): Data Required Path:
    Info (332115): 
    Info (332115): Total (ns)  Incr (ns)     Type  Element
    Info (332115): ==========  ========= ==  ====  ===================================
    Info (332115):    100.000    100.000           latch edge time
    Info (332115):    100.234      0.234  R        clock network delay
    Info (332115):    100.214     -0.020           clock uncertainty
    Info (332115):     99.799     -0.415     uTsu  PCU:PCU|VGA:VGAcontroller|buffer:buffer|altsyncram:RAM_rtl_0|altsyncram_hvi1:auto_generated|ram_block1a22~porta_we_reg
    Info (332115): 
    Info (332115): Data Arrival Time  :    94.877
    Info (332115): Data Required Time :    99.799
    Info (332115): Slack              :     4.922 
    Info (332115): ===================================================================
    Info (332115): 
Info (332115): Report Timing: Found 1 setup paths (0 violated).  Worst case slack is 25.363
    Info (332115): -to_clock [get_clocks {pll|altpll_component|auto_generated|pll1|clk[0]}]
    Info (332115): -setup
    Info (332115): -stdout
Info (332115): Path #1: Setup slack is 25.363 
    Info (332115): ===================================================================
    Info (332115): From Node    : PCU:PCU|SD:SDcontroller|inByte[3]
    Info (332115): To Node      : register:coutdelay|out[1]
    Info (332115): Launch Clock : pll|altpll_component|auto_generated|pll1|clk[2]
    Info (332115): Latch Clock  : pll|altpll_component|auto_generated|pll1|clk[0]
    Info (332115): 
    Info (332115): Data Arrival Path:
    Info (332115): 
    Info (332115): Total (ns)  Incr (ns)     Type  Element
    Info (332115): ==========  ========= ==  ====  ===================================
    Info (332115):    160.000    160.000           launch edge time
    Info (332115):    159.947     -0.053  R        clock network delay
    Info (332115):    160.141      0.194     uTco  PCU:PCU|SD:SDcontroller|inByte[3]
    Info (332115):    160.141      0.000 FF  CELL  PCU|SDcontroller|inByte[3]|q
    Info (332115):    160.941      0.800 FF    IC  Mux4~0|datab
    Info (332115):    161.278      0.337 FF  CELL  Mux4~0|combout
    Info (332115):    161.552      0.274 FF    IC  Mux4~1|dataa
    Info (332115):    161.877      0.325 FF  CELL  Mux4~1|combout
    Info (332115):    162.149      0.272 FF    IC  Mux4|dataa
    Info (332115):    162.492      0.343 FF  CELL  Mux4|combout
    Info (332115):    163.462      0.970 FF    IC  ALUb[3]~13|datab
    Info (332115):    163.747      0.285 FF  CELL  ALUb[3]~13|combout
    Info (332115):    164.443      0.696 FF    IC  ALU|Add0~6|dataa
    Info (332115):    164.747      0.304 FR  CELL  ALU|Add0~6|cout
    Info (332115):    164.747      0.000 RR    IC  ALU|Add0~8|cin
    Info (332115):    165.218      0.471 RF  CELL  ALU|Add0~8|combout
    Info (332115):    165.877      0.659 FF    IC  ALU|Add1~8|dataa
    Info (332115):    166.256      0.379 FF  CELL  ALU|Add1~8|cout
    Info (332115):    166.256      0.000 FF    IC  ALU|Add1~10|cin
    Info (332115):    166.303      0.047 FR  CELL  ALU|Add1~10|cout
    Info (332115):    166.303      0.000 RR    IC  ALU|Add1~12|cin
    Info (332115):    166.774      0.471 RF  CELL  ALU|Add1~12|combout
    Info (332115):    167.039      0.265 FF    IC  ALU|Selector2~9|datab
    Info (332115):    167.354      0.315 FF  CELL  ALU|Selector2~9|combout
    Info (332115):    167.615      0.261 FF    IC  ALU|Selector2~10|datab
    Info (332115):    167.952      0.337 FF  CELL  ALU|Selector2~10|combout
    Info (332115):    169.099      1.147 FF    IC  ALU|Selector2~16|datac
    Info (332115):    169.326      0.227 FF  CELL  ALU|Selector2~16|combout
    Info (332115):    169.596      0.270 FF    IC  ALU|Selector2~12|dataa
    Info (332115):    169.918      0.322 FF  CELL  ALU|Selector2~12|combout
    Info (332115):    170.191      0.273 FF    IC  ALU|Selector2~13|dataa
    Info (332115):    170.524      0.333 FR  CELL  ALU|Selector2~13|combout
    Info (332115):    170.728      0.204 RR    IC  ALU|Selector2~14|datad
    Info (332115):    170.852      0.124 RR  CELL  ALU|Selector2~14|combout
    Info (332115):    171.774      0.922 RR    IC  FR|out~1|dataa
    Info (332115):    172.107      0.333 RF  CELL  FR|out~1|combout
    Info (332115):    173.363      1.256 FF    IC  FR|out~2|datac
    Info (332115):    173.590      0.227 FF  CELL  FR|out~2|combout
    Info (332115):    174.240      0.650 FF    IC  coutdelay|out[1]|asdata
    Info (332115):    174.609      0.369 FF  CELL  register:coutdelay|out[1]
    Info (332115): 
    Info (332115): Data Required Path:
    Info (332115): 
    Info (332115): Total (ns)  Incr (ns)     Type  Element
    Info (332115): ==========  ========= ==  ====  ===================================
    Info (332115):    200.000    200.000           latch edge time
    Info (332115):    199.980     -0.020  R        clock network delay
    Info (332115):    199.960     -0.020           clock uncertainty
    Info (332115):    199.972      0.012     uTsu  register:coutdelay|out[1]
    Info (332115): 
    Info (332115): Data Arrival Time  :   174.609
    Info (332115): Data Required Time :   199.972
    Info (332115): Slack              :    25.363 
    Info (332115): ===================================================================
    Info (332115): 
Info (332115): Report Timing: Found 1 hold paths (0 violated).  Worst case slack is 0.315
    Info (332115): -to_clock [get_clocks {pll|altpll_component|auto_generated|pll1|clk[1]}]
    Info (332115): -hold
    Info (332115): -stdout
Info (332115): Path #1: Hold slack is 0.315 
    Info (332115): ===================================================================
    Info (332115): From Node    : PCU:PCU|PS2:PS2controller|inByte[2]
    Info (332115): To Node      : PCU:PCU|PS2:PS2controller|altsyncram:queuedKeys_rtl_0|altsyncram_jjh1:auto_generated|ram_block1a0~porta_datain_reg0
    Info (332115): Launch Clock : pll|altpll_component|auto_generated|pll1|clk[1]
    Info (332115): Latch Clock  : pll|altpll_component|auto_generated|pll1|clk[1]
    Info (332115): 
    Info (332115): Data Arrival Path:
    Info (332115): 
    Info (332115): Total (ns)  Incr (ns)     Type  Element
    Info (332115): ==========  ========= ==  ====  ===================================
    Info (332115):    100.000    100.000           launch edge time
    Info (332115):     99.963     -0.037  R        clock network delay
    Info (332115):    100.157      0.194     uTco  PCU:PCU|PS2:PS2controller|inByte[2]
    Info (332115):    100.157      0.000 RR  CELL  PCU|PS2controller|inByte[2]|q
    Info (332115):    100.819      0.662 RR    IC  PCU|PS2controller|queuedKeys_rtl_0|auto_generated|ram_block1a0|portadatain[2]
    Info (332115):    100.864      0.045 RR  CELL  PCU:PCU|PS2:PS2controller|altsyncram:queuedKeys_rtl_0|altsyncram_jjh1:auto_generated|ram_block1a0~porta_datain_reg0
    Info (332115): 
    Info (332115): Data Required Path:
    Info (332115): 
    Info (332115): Total (ns)  Incr (ns)     Type  Element
    Info (332115): ==========  ========= ==  ====  ===================================
    Info (332115):    100.000    100.000           latch edge time
    Info (332115):    100.397      0.397  R        clock network delay
    Info (332115):    100.397      0.000           clock uncertainty
    Info (332115):    100.549      0.152      uTh  PCU:PCU|PS2:PS2controller|altsyncram:queuedKeys_rtl_0|altsyncram_jjh1:auto_generated|ram_block1a0~porta_datain_reg0
    Info (332115): 
    Info (332115): Data Arrival Time  :   100.864
    Info (332115): Data Required Time :   100.549
    Info (332115): Slack              :     0.315 
    Info (332115): ===================================================================
    Info (332115): 
Info (332115): Report Timing: Found 1 hold paths (0 violated).  Worst case slack is 0.420
    Info (332115): -to_clock [get_clocks {pll|altpll_component|auto_generated|pll1|clk[2]}]
    Info (332115): -hold
    Info (332115): -stdout
Info (332115): Path #1: Hold slack is 0.420 
    Info (332115): ===================================================================
    Info (332115): From Node    : PCU:PCU|SD:SDcontroller|MOSI
    Info (332115): To Node      : PCU:PCU|SD:SDcontroller|MOSI
    Info (332115): Launch Clock : pll|altpll_component|auto_generated|pll1|clk[2]
    Info (332115): Latch Clock  : pll|altpll_component|auto_generated|pll1|clk[2]
    Info (332115): 
    Info (332115): Data Arrival Path:
    Info (332115): 
    Info (332115): Total (ns)  Incr (ns)     Type  Element
    Info (332115): ==========  ========= ==  ====  ===================================
    Info (332115):      0.000      0.000           launch edge time
    Info (332115):     -0.025     -0.025  R        clock network delay
    Info (332115):      0.169      0.194     uTco  PCU:PCU|SD:SDcontroller|MOSI
    Info (332115):      0.169      0.000 FF  CELL  PCU|SDcontroller|MOSI|q
    Info (332115):      0.169      0.000 FF    IC  PCU|SDcontroller|MOSI~1|datac
    Info (332115):      0.464      0.295 FF  CELL  PCU|SDcontroller|MOSI~1|combout
    Info (332115):      0.464      0.000 FF    IC  PCU|SDcontroller|MOSI|d
    Info (332115):      0.530      0.066 FF  CELL  PCU:PCU|SD:SDcontroller|MOSI
    Info (332115): 
    Info (332115): Data Required Path:
    Info (332115): 
    Info (332115): Total (ns)  Incr (ns)     Type  Element
    Info (332115): ==========  ========= ==  ====  ===================================
    Info (332115):      0.000      0.000           latch edge time
    Info (332115):     -0.052     -0.052  R        clock network delay
    Info (332115):     -0.052      0.000           clock uncertainty
    Info (332115):      0.110      0.162      uTh  PCU:PCU|SD:SDcontroller|MOSI
    Info (332115): 
    Info (332115): Data Arrival Time  :     0.530
    Info (332115): Data Required Time :     0.110
    Info (332115): Slack              :     0.420 
    Info (332115): ===================================================================
    Info (332115): 
Info (332115): Report Timing: Found 1 hold paths (0 violated).  Worst case slack is 0.433
    Info (332115): -to_clock [get_clocks {pll|altpll_component|auto_generated|pll1|clk[0]}]
    Info (332115): -hold
    Info (332115): -stdout
Info (332115): Path #1: Hold slack is 0.433 
    Info (332115): ===================================================================
    Info (332115): From Node    : register:statereg|out[0]
    Info (332115): To Node      : register:statereg|out[0]
    Info (332115): Launch Clock : pll|altpll_component|auto_generated|pll1|clk[0]
    Info (332115): Latch Clock  : pll|altpll_component|auto_generated|pll1|clk[0]
    Info (332115): 
    Info (332115): Data Arrival Path:
    Info (332115): 
    Info (332115): Total (ns)  Incr (ns)     Type  Element
    Info (332115): ==========  ========= ==  ====  ===================================
    Info (332115):      0.000      0.000           launch edge time
    Info (332115):     -0.039     -0.039  R        clock network delay
    Info (332115):      0.155      0.194     uTco  register:statereg|out[0]
    Info (332115):      0.155      0.000 FF  CELL  statereg|out[0]|q
    Info (332115):      0.155      0.000 FF    IC  LUT|LUT~1314|datac
    Info (332115):      0.462      0.307 FR  CELL  LUT|LUT~1314|combout
    Info (332115):      0.462      0.000 RR    IC  statereg|out[0]|d
    Info (332115):      0.528      0.066 RR  CELL  register:statereg|out[0]
    Info (332115): 
    Info (332115): Data Required Path:
    Info (332115): 
    Info (332115): Total (ns)  Incr (ns)     Type  Element
    Info (332115): ==========  ========= ==  ====  ===================================
    Info (332115):      0.000      0.000           latch edge time
    Info (332115):     -0.067     -0.067  R        clock network delay
    Info (332115):     -0.067      0.000           clock uncertainty
    Info (332115):      0.095      0.162      uTh  register:statereg|out[0]
    Info (332115): 
    Info (332115): Data Arrival Time  :     0.528
    Info (332115): Data Required Time :     0.095
    Info (332115): Slack              :     0.433 
    Info (332115): ===================================================================
    Info (332115): 
Info: Analyzing Slow 1200mV 0C Model
Info (334003): Started post-fitting delay annotation
Warning (334000): Timing characteristics of device 10M50DAF484C6GES are preliminary
Info (334004): Delay annotation completed successfully
Info (332123): Deriving Clock Uncertainty. Please refer to report_sdc in the Timing Analyzer to see clock uncertainties.
Info (332146): Worst-case setup slack is 5.171
    Info (332119):     Slack       End Point TNS Clock 
    Info (332119): ========= =================== =====================
    Info (332119):     5.171               0.000 pll|altpll_component|auto_generated|pll1|clk[2] 
    Info (332119):     6.363               0.000 pll|altpll_component|auto_generated|pll1|clk[1] 
    Info (332119):    26.726               0.000 pll|altpll_component|auto_generated|pll1|clk[0] 
Info (332146): Worst-case hold slack is 0.274
    Info (332119):     Slack       End Point TNS Clock 
    Info (332119): ========= =================== =====================
    Info (332119):     0.274               0.000 pll|altpll_component|auto_generated|pll1|clk[1] 
    Info (332119):     0.347               0.000 pll|altpll_component|auto_generated|pll1|clk[2] 
    Info (332119):     0.360               0.000 pll|altpll_component|auto_generated|pll1|clk[0] 
Info (332140): No Recovery paths to report
Info (332140): No Removal paths to report
Info (332146): Worst-case minimum pulse width slack is 9.783
    Info (332119):     Slack       End Point TNS Clock 
    Info (332119): ========= =================== =====================
    Info (332119):     9.783               0.000 MAX10_CLK1_50 
    Info (332119):    19.697               0.000 pll|altpll_component|auto_generated|pll1|clk[2] 
    Info (332119):    99.670               0.000 pll|altpll_component|auto_generated|pll1|clk[1] 
    Info (332119):    99.712               0.000 pll|altpll_component|auto_generated|pll1|clk[0] 
Info (332114): Report Metastability: Found 1 synchronizer chains.
    Info (332114): The design MTBF is not calculated because there are no specified synchronizers in the design.
    Info (332114): Number of Synchronizer Chains Found: 1
    Info (332114): Shortest Synchronizer Chain: 2 Registers
    Info (332114): Fraction of Chains for which MTBFs Could Not be Calculated: 1.000
    Info (332114): Worst Case Available Settling Time: 395.897 ns
    Info (332114): 
Info (332115): Report Timing: Found 1 setup paths (0 violated).  Worst case slack is 5.171
    Info (332115): -to_clock [get_clocks {pll|altpll_component|auto_generated|pll1|clk[2]}]
    Info (332115): -setup
    Info (332115): -stdout
Info (332115): Path #1: Setup slack is 5.171 
    Info (332115): ===================================================================
    Info (332115): From Node    : ram:RAM|altsyncram:RAM_rtl_0|altsyncram_3qd1:auto_generated|ram_block1a24~porta_we_reg
    Info (332115): To Node      : PCU:PCU|VGA:VGAcontroller|flags[6]
    Info (332115): Launch Clock : pll|altpll_component|auto_generated|pll1|clk[1]
    Info (332115): Latch Clock  : pll|altpll_component|auto_generated|pll1|clk[2]
    Info (332115): 
    Info (332115): Data Arrival Path:
    Info (332115): 
    Info (332115): Total (ns)  Incr (ns)     Type  Element
    Info (332115): ==========  ========= ==  ====  ===================================
    Info (332115):    100.000    100.000           launch edge time
    Info (332115):    100.905      0.905  R        clock network delay
    Info (332115):    101.151      0.246     uTco  ram:RAM|altsyncram:RAM_rtl_0|altsyncram_3qd1:auto_generated|ram_block1a24~porta_we_reg
    Info (332115):    103.258      2.107 RF  CELL  RAM|RAM_rtl_0|auto_generated|ram_block1a24|portadataout[0]
    Info (332115):    105.167      1.909 FF    IC  RAM|RAM_rtl_0|auto_generated|mux2|result_node[0]~0|dataa
    Info (332115):    105.462      0.295 FF  CELL  RAM|RAM_rtl_0|auto_generated|mux2|result_node[0]~0|combout
    Info (332115):    105.665      0.203 FF    IC  RAM|RAM_rtl_0|auto_generated|mux2|result_node[0]~1|datad
    Info (332115):    105.756      0.091 FF  CELL  RAM|RAM_rtl_0|auto_generated|mux2|result_node[0]~1|combout
    Info (332115):    105.957      0.201 FF    IC  Mux7~2|datad
    Info (332115):    106.048      0.091 FF  CELL  Mux7~2|combout
    Info (332115):    106.892      0.844 FF    IC  Mux7|datab
    Info (332115):    107.201      0.309 FF  CELL  Mux7|combout
    Info (332115):    107.526      0.325 FF    IC  ALUb[0]~1|datad
    Info (332115):    107.617      0.091 FF  CELL  ALUb[0]~1|combout
    Info (332115):    107.825      0.208 FF    IC  ALUb[0]~2|datac
    Info (332115):    108.033      0.208 FF  CELL  ALUb[0]~2|combout
    Info (332115):    108.292      0.259 FF    IC  ALU|Add0~0|datab
    Info (332115):    108.637      0.345 FF  CELL  ALU|Add0~0|cout
    Info (332115):    108.637      0.000 FF    IC  ALU|Add0~2|cin
    Info (332115):    108.679      0.042 FR  CELL  ALU|Add0~2|cout
    Info (332115):    108.679      0.000 RR    IC  ALU|Add0~4|cin
    Info (332115):    108.721      0.042 RF  CELL  ALU|Add0~4|cout
    Info (332115):    108.721      0.000 FF    IC  ALU|Add0~6|cin
    Info (332115):    108.763      0.042 FR  CELL  ALU|Add0~6|cout
    Info (332115):    108.763      0.000 RR    IC  ALU|Add0~8|cin
    Info (332115):    109.188      0.425 RF  CELL  ALU|Add0~8|combout
    Info (332115):    109.778      0.590 FF    IC  ALU|Add1~8|dataa
    Info (332115):    110.119      0.341 FF  CELL  ALU|Add1~8|cout
    Info (332115):    110.119      0.000 FF    IC  ALU|Add1~10|cin
    Info (332115):    110.161      0.042 FR  CELL  ALU|Add1~10|cout
    Info (332115):    110.161      0.000 RR    IC  ALU|Add1~12|cin
    Info (332115):    110.586      0.425 RF  CELL  ALU|Add1~12|combout
    Info (332115):    110.826      0.240 FF    IC  ALU|Selector2~9|datab
    Info (332115):    111.111      0.285 FF  CELL  ALU|Selector2~9|combout
    Info (332115):    111.350      0.239 FF    IC  ALU|Selector2~10|datab
    Info (332115):    111.659      0.309 FF  CELL  ALU|Selector2~10|combout
    Info (332115):    112.677      1.018 FF    IC  ALU|Selector2~16|datac
    Info (332115):    112.885      0.208 FF  CELL  ALU|Selector2~16|combout
    Info (332115):    113.129      0.244 FF    IC  ALU|Selector2~12|dataa
    Info (332115):    113.421      0.292 FF  CELL  ALU|Selector2~12|combout
    Info (332115):    113.669      0.248 FF    IC  ALU|Selector2~13|dataa
    Info (332115):    113.961      0.292 FF  CELL  ALU|Selector2~13|combout
    Info (332115):    114.177      0.216 FF    IC  ALU|Selector2~14|datad
    Info (332115):    114.268      0.091 FF  CELL  ALU|Selector2~14|combout
    Info (332115):    114.903      0.635 FF    IC  PCU|VGAcontroller|flags[6]|asdata
    Info (332115):    115.242      0.339 FF  CELL  PCU:PCU|VGA:VGAcontroller|flags[6]
    Info (332115): 
    Info (332115): Data Required Path:
    Info (332115): 
    Info (332115): Total (ns)  Incr (ns)     Type  Element
    Info (332115): ==========  ========= ==  ====  ===================================
    Info (332115):    120.000    120.000           latch edge time
    Info (332115):    120.421      0.421  R        clock network delay
    Info (332115):    120.401     -0.020           clock uncertainty
    Info (332115):    120.413      0.012     uTsu  PCU:PCU|VGA:VGAcontroller|flags[6]
    Info (332115): 
    Info (332115): Data Arrival Time  :   115.242
    Info (332115): Data Required Time :   120.413
    Info (332115): Slack              :     5.171 
    Info (332115): ===================================================================
    Info (332115): 
Info (332115): Report Timing: Found 1 setup paths (0 violated).  Worst case slack is 6.363
    Info (332115): -to_clock [get_clocks {pll|altpll_component|auto_generated|pll1|clk[1]}]
    Info (332115): -setup
    Info (332115): -stdout
Info (332115): Path #1: Setup slack is 6.363 
    Info (332115): ===================================================================
    Info (332115): From Node    : PCU:PCU|SD:SDcontroller|inByte[3]
    Info (332115): To Node      : PCU:PCU|VGA:VGAcontroller|buffer:buffer|altsyncram:RAM_rtl_0|altsyncram_hvi1:auto_generated|ram_block1a22~porta_address_reg0
    Info (332115): Launch Clock : pll|altpll_component|auto_generated|pll1|clk[2]
    Info (332115): Latch Clock  : pll|altpll_component|auto_generated|pll1|clk[1]
    Info (332115): 
    Info (332115): Data Arrival Path:
    Info (332115): 
    Info (332115): Total (ns)  Incr (ns)     Type  Element
    Info (332115): ==========  ========= ==  ====  ===================================
    Info (332115):     80.000     80.000           launch edge time
    Info (332115):     80.437      0.437  R        clock network delay
    Info (332115):     80.618      0.181     uTco  PCU:PCU|SD:SDcontroller|inByte[3]
    Info (332115):     80.618      0.000 FF  CELL  PCU|SDcontroller|inByte[3]|q
    Info (332115):     81.330      0.712 FF    IC  Mux4~0|datab
    Info (332115):     81.639      0.309 FF  CELL  Mux4~0|combout
    Info (332115):     81.887      0.248 FF    IC  Mux4~1|dataa
    Info (332115):     82.182      0.295 FF  CELL  Mux4~1|combout
    Info (332115):     82.431      0.249 FF    IC  Mux4|dataa
    Info (332115):     82.742      0.311 FF  CELL  Mux4|combout
    Info (332115):     83.602      0.860 FF    IC  ALUb[3]~13|datab
    Info (332115):     83.858      0.256 FF  CELL  ALUb[3]~13|combout
    Info (332115):     84.485      0.627 FF    IC  ALU|Add0~6|dataa
    Info (332115):     84.759      0.274 FR  CELL  ALU|Add0~6|cout
    Info (332115):     84.759      0.000 RR    IC  ALU|Add0~8|cin
    Info (332115):     85.184      0.425 RF  CELL  ALU|Add0~8|combout
    Info (332115):     85.774      0.590 FF    IC  ALU|Add1~8|dataa
    Info (332115):     86.115      0.341 FF  CELL  ALU|Add1~8|cout
    Info (332115):     86.115      0.000 FF    IC  ALU|Add1~10|cin
    Info (332115):     86.157      0.042 FR  CELL  ALU|Add1~10|cout
    Info (332115):     86.157      0.000 RR    IC  ALU|Add1~12|cin
    Info (332115):     86.582      0.425 RF  CELL  ALU|Add1~12|combout
    Info (332115):     86.822      0.240 FF    IC  ALU|Selector2~9|datab
    Info (332115):     87.107      0.285 FF  CELL  ALU|Selector2~9|combout
    Info (332115):     87.346      0.239 FF    IC  ALU|Selector2~10|datab
    Info (332115):     87.655      0.309 FF  CELL  ALU|Selector2~10|combout
    Info (332115):     88.673      1.018 FF    IC  ALU|Selector2~16|datac
    Info (332115):     88.881      0.208 FF  CELL  ALU|Selector2~16|combout
    Info (332115):     89.125      0.244 FF    IC  ALU|Selector2~12|dataa
    Info (332115):     89.417      0.292 FF  CELL  ALU|Selector2~12|combout
    Info (332115):     89.665      0.248 FF    IC  ALU|Selector2~13|dataa
    Info (332115):     89.957      0.292 FF  CELL  ALU|Selector2~13|combout
    Info (332115):     90.173      0.216 FF    IC  ALU|Selector2~14|datad
    Info (332115):     90.264      0.091 FF  CELL  ALU|Selector2~14|combout
    Info (332115):     90.929      0.665 FF    IC  PCU|VGAcontroller|buffer|RAM_rtl_0|auto_generated|decode2|w_anode572w[3]~0|datab
    Info (332115):     91.197      0.268 FF  CELL  PCU|VGAcontroller|buffer|RAM_rtl_0|auto_generated|decode2|w_anode572w[3]~0|combout
    Info (332115):     93.345      2.148 FF    IC  PCU|VGAcontroller|buffer|RAM_rtl_0|auto_generated|ram_block1a22|ena0
    Info (332115):     93.892      0.547 FF  CELL  PCU:PCU|VGA:VGAcontroller|buffer:buffer|altsyncram:RAM_rtl_0|altsyncram_hvi1:auto_generated|ram_block1a22~porta_address_reg0
    Info (332115): 
    Info (332115): Data Required Path:
    Info (332115): 
    Info (332115): Total (ns)  Incr (ns)     Type  Element
    Info (332115): ==========  ========= ==  ====  ===================================
    Info (332115):    100.000    100.000           latch edge time
    Info (332115):    100.666      0.666  R        clock network delay
    Info (332115):    100.646     -0.020           clock uncertainty
    Info (332115):    100.255     -0.391     uTsu  PCU:PCU|VGA:VGAcontroller|buffer:buffer|altsyncram:RAM_rtl_0|altsyncram_hvi1:auto_generated|ram_block1a22~porta_address_reg0
    Info (332115): 
    Info (332115): Data Arrival Time  :    93.892
    Info (332115): Data Required Time :   100.255
    Info (332115): Slack              :     6.363 
    Info (332115): ===================================================================
    Info (332115): 
Info (332115): Report Timing: Found 1 setup paths (0 violated).  Worst case slack is 26.726
    Info (332115): -to_clock [get_clocks {pll|altpll_component|auto_generated|pll1|clk[0]}]
    Info (332115): -setup
    Info (332115): -stdout
Info (332115): Path #1: Setup slack is 26.726 
    Info (332115): ===================================================================
    Info (332115): From Node    : PCU:PCU|SD:SDcontroller|inByte[3]
    Info (332115): To Node      : register:coutdelay|out[1]
    Info (332115): Launch Clock : pll|altpll_component|auto_generated|pll1|clk[2]
    Info (332115): Latch Clock  : pll|altpll_component|auto_generated|pll1|clk[0]
    Info (332115): 
    Info (332115): Data Arrival Path:
    Info (332115): 
    Info (332115): Total (ns)  Incr (ns)     Type  Element
    Info (332115): ==========  ========= ==  ====  ===================================
    Info (332115):    160.000    160.000           launch edge time
    Info (332115):    160.437      0.437  R        clock network delay
    Info (332115):    160.618      0.181     uTco  PCU:PCU|SD:SDcontroller|inByte[3]
    Info (332115):    160.618      0.000 FF  CELL  PCU|SDcontroller|inByte[3]|q
    Info (332115):    161.330      0.712 FF    IC  Mux4~0|datab
    Info (332115):    161.639      0.309 FF  CELL  Mux4~0|combout
    Info (332115):    161.887      0.248 FF    IC  Mux4~1|dataa
    Info (332115):    162.182      0.295 FF  CELL  Mux4~1|combout
    Info (332115):    162.431      0.249 FF    IC  Mux4|dataa
    Info (332115):    162.742      0.311 FF  CELL  Mux4|combout
    Info (332115):    163.602      0.860 FF    IC  ALUb[3]~13|datab
    Info (332115):    163.858      0.256 FF  CELL  ALUb[3]~13|combout
    Info (332115):    164.485      0.627 FF    IC  ALU|Add0~6|dataa
    Info (332115):    164.759      0.274 FR  CELL  ALU|Add0~6|cout
    Info (332115):    164.759      0.000 RR    IC  ALU|Add0~8|cin
    Info (332115):    165.184      0.425 RF  CELL  ALU|Add0~8|combout
    Info (332115):    165.774      0.590 FF    IC  ALU|Add1~8|dataa
    Info (332115):    166.115      0.341 FF  CELL  ALU|Add1~8|cout
    Info (332115):    166.115      0.000 FF    IC  ALU|Add1~10|cin
    Info (332115):    166.157      0.042 FR  CELL  ALU|Add1~10|cout
    Info (332115):    166.157      0.000 RR    IC  ALU|Add1~12|cin
    Info (332115):    166.582      0.425 RF  CELL  ALU|Add1~12|combout
    Info (332115):    166.822      0.240 FF    IC  ALU|Selector2~9|datab
    Info (332115):    167.107      0.285 FF  CELL  ALU|Selector2~9|combout
    Info (332115):    167.346      0.239 FF    IC  ALU|Selector2~10|datab
    Info (332115):    167.655      0.309 FF  CELL  ALU|Selector2~10|combout
    Info (332115):    168.673      1.018 FF    IC  ALU|Selector2~16|datac
    Info (332115):    168.881      0.208 FF  CELL  ALU|Selector2~16|combout
    Info (332115):    169.125      0.244 FF    IC  ALU|Selector2~12|dataa
    Info (332115):    169.417      0.292 FF  CELL  ALU|Selector2~12|combout
    Info (332115):    169.665      0.248 FF    IC  ALU|Selector2~13|dataa
    Info (332115):    169.957      0.292 FF  CELL  ALU|Selector2~13|combout
    Info (332115):    170.173      0.216 FF    IC  ALU|Selector2~14|datad
    Info (332115):    170.264      0.091 FF  CELL  ALU|Selector2~14|combout
    Info (332115):    171.130      0.866 FF    IC  FR|out~1|dataa
    Info (332115):    171.422      0.292 FR  CELL  FR|out~1|combout
    Info (332115):    172.555      1.133 RR    IC  FR|out~2|datac
    Info (332115):    172.766      0.211 RR  CELL  FR|out~2|combout
    Info (332115):    173.345      0.579 RR    IC  coutdelay|out[1]|asdata
    Info (332115):    173.699      0.354 RR  CELL  register:coutdelay|out[1]
    Info (332115): 
    Info (332115): Data Required Path:
    Info (332115): 
    Info (332115): Total (ns)  Incr (ns)     Type  Element
    Info (332115): ==========  ========= ==  ====  ===================================
    Info (332115):    200.000    200.000           latch edge time
    Info (332115):    200.433      0.433  R        clock network delay
    Info (332115):    200.413     -0.020           clock uncertainty
    Info (332115):    200.425      0.012     uTsu  register:coutdelay|out[1]
    Info (332115): 
    Info (332115): Data Arrival Time  :   173.699
    Info (332115): Data Required Time :   200.425
    Info (332115): Slack              :    26.726 
    Info (332115): ===================================================================
    Info (332115): 
Info (332115): Report Timing: Found 1 hold paths (0 violated).  Worst case slack is 0.274
    Info (332115): -to_clock [get_clocks {pll|altpll_component|auto_generated|pll1|clk[1]}]
    Info (332115): -hold
    Info (332115): -stdout
Info (332115): Path #1: Hold slack is 0.274 
    Info (332115): ===================================================================
    Info (332115): From Node    : PCU:PCU|PS2:PS2controller|inByte[2]
    Info (332115): To Node      : PCU:PCU|PS2:PS2controller|altsyncram:queuedKeys_rtl_0|altsyncram_jjh1:auto_generated|ram_block1a0~porta_datain_reg0
    Info (332115): Launch Clock : pll|altpll_component|auto_generated|pll1|clk[1]
    Info (332115): Latch Clock  : pll|altpll_component|auto_generated|pll1|clk[1]
    Info (332115): 
    Info (332115): Data Arrival Path:
    Info (332115): 
    Info (332115): Total (ns)  Incr (ns)     Type  Element
    Info (332115): ==========  ========= ==  ====  ===================================
    Info (332115):    100.000    100.000           launch edge time
    Info (332115):    100.416      0.416  R        clock network delay
    Info (332115):    100.597      0.181     uTco  PCU:PCU|PS2:PS2controller|inByte[2]
    Info (332115):    100.597      0.000 RR  CELL  PCU|PS2controller|inByte[2]|q
    Info (332115):    101.215      0.618 RR    IC  PCU|PS2controller|queuedKeys_rtl_0|auto_generated|ram_block1a0|portadatain[2]
    Info (332115):    101.259      0.044 RR  CELL  PCU:PCU|PS2:PS2controller|altsyncram:queuedKeys_rtl_0|altsyncram_jjh1:auto_generated|ram_block1a0~porta_datain_reg0
    Info (332115): 
    Info (332115): Data Required Path:
    Info (332115): 
    Info (332115): Total (ns)  Incr (ns)     Type  Element
    Info (332115): ==========  ========= ==  ====  ===================================
    Info (332115):    100.000    100.000           latch edge time
    Info (332115):    100.847      0.847  R        clock network delay
    Info (332115):    100.847      0.000           clock uncertainty
    Info (332115):    100.985      0.138      uTh  PCU:PCU|PS2:PS2controller|altsyncram:queuedKeys_rtl_0|altsyncram_jjh1:auto_generated|ram_block1a0~porta_datain_reg0
    Info (332115): 
    Info (332115): Data Arrival Time  :   101.259
    Info (332115): Data Required Time :   100.985
    Info (332115): Slack              :     0.274 
    Info (332115): ===================================================================
    Info (332115): 
Info (332115): Report Timing: Found 1 hold paths (0 violated).  Worst case slack is 0.347
    Info (332115): -to_clock [get_clocks {pll|altpll_component|auto_generated|pll1|clk[2]}]
    Info (332115): -hold
    Info (332115): -stdout
Info (332115): Path #1: Hold slack is 0.347 
    Info (332115): ===================================================================
    Info (332115): From Node    : PCU:PCU|SD:SDcontroller|MOSI
    Info (332115): To Node      : PCU:PCU|SD:SDcontroller|MOSI
    Info (332115): Launch Clock : pll|altpll_component|auto_generated|pll1|clk[2]
    Info (332115): Latch Clock  : pll|altpll_component|auto_generated|pll1|clk[2]
    Info (332115): 
    Info (332115): Data Arrival Path:
    Info (332115): 
    Info (332115): Total (ns)  Incr (ns)     Type  Element
    Info (332115): ==========  ========= ==  ====  ===================================
    Info (332115):      0.000      0.000           launch edge time
    Info (332115):      0.428      0.428  R        clock network delay
    Info (332115):      0.609      0.181     uTco  PCU:PCU|SD:SDcontroller|MOSI
    Info (332115):      0.609      0.000 FF  CELL  PCU|SDcontroller|MOSI|q
    Info (332115):      0.609      0.000 FF    IC  PCU|SDcontroller|MOSI~1|datac
    Info (332115):      0.874      0.265 FF  CELL  PCU|SDcontroller|MOSI~1|combout
    Info (332115):      0.874      0.000 FF    IC  PCU|SDcontroller|MOSI|d
    Info (332115):      0.933      0.059 FF  CELL  PCU:PCU|SD:SDcontroller|MOSI
    Info (332115): 
    Info (332115): Data Required Path:
    Info (332115): 
    Info (332115): Total (ns)  Incr (ns)     Type  Element
    Info (332115): ==========  ========= ==  ====  ===================================
    Info (332115):      0.000      0.000           latch edge time
    Info (332115):      0.437      0.437  R        clock network delay
    Info (332115):      0.437      0.000           clock uncertainty
    Info (332115):      0.586      0.149      uTh  PCU:PCU|SD:SDcontroller|MOSI
    Info (332115): 
    Info (332115): Data Arrival Time  :     0.933
    Info (332115): Data Required Time :     0.586
    Info (332115): Slack              :     0.347 
    Info (332115): ===================================================================
    Info (332115): 
Info (332115): Report Timing: Found 1 hold paths (0 violated).  Worst case slack is 0.360
    Info (332115): -to_clock [get_clocks {pll|altpll_component|auto_generated|pll1|clk[0]}]
    Info (332115): -hold
    Info (332115): -stdout
Info (332115): Path #1: Hold slack is 0.360 
    Info (332115): ===================================================================
    Info (332115): From Node    : register:statereg|out[0]
    Info (332115): To Node      : register:statereg|out[0]
    Info (332115): Launch Clock : pll|altpll_component|auto_generated|pll1|clk[0]
    Info (332115): Latch Clock  : pll|altpll_component|auto_generated|pll1|clk[0]
    Info (332115): 
    Info (332115): Data Arrival Path:
    Info (332115): 
    Info (332115): Total (ns)  Incr (ns)     Type  Element
    Info (332115): ==========  ========= ==  ====  ===================================
    Info (332115):      0.000      0.000           launch edge time
    Info (332115):      0.413      0.413  R        clock network delay
    Info (332115):      0.594      0.181     uTco  register:statereg|out[0]
    Info (332115):      0.594      0.000 FF  CELL  statereg|out[0]|q
    Info (332115):      0.594      0.000 FF    IC  LUT|LUT~1314|datac
    Info (332115):      0.872      0.278 FR  CELL  LUT|LUT~1314|combout
    Info (332115):      0.872      0.000 RR    IC  statereg|out[0]|d
    Info (332115):      0.931      0.059 RR  CELL  register:statereg|out[0]
    Info (332115): 
    Info (332115): Data Required Path:
    Info (332115): 
    Info (332115): Total (ns)  Incr (ns)     Type  Element
    Info (332115): ==========  ========= ==  ====  ===================================
    Info (332115):      0.000      0.000           latch edge time
    Info (332115):      0.422      0.422  R        clock network delay
    Info (332115):      0.422      0.000           clock uncertainty
    Info (332115):      0.571      0.149      uTh  register:statereg|out[0]
    Info (332115): 
    Info (332115): Data Arrival Time  :     0.931
    Info (332115): Data Required Time :     0.571
    Info (332115): Slack              :     0.360 
    Info (332115): ===================================================================
    Info (332115): 
Info: Analyzing Fast 1200mV 0C Model
Info (332123): Deriving Clock Uncertainty. Please refer to report_sdc in the Timing Analyzer to see clock uncertainties.
Info (332146): Worst-case setup slack is 12.018
    Info (332119):     Slack       End Point TNS Clock 
    Info (332119): ========= =================== =====================
    Info (332119):    12.018               0.000 pll|altpll_component|auto_generated|pll1|clk[2] 
    Info (332119):    12.557               0.000 pll|altpll_component|auto_generated|pll1|clk[1] 
    Info (332119):    32.900               0.000 pll|altpll_component|auto_generated|pll1|clk[0] 
Info (332146): Worst-case hold slack is 0.158
    Info (332119):     Slack       End Point TNS Clock 
    Info (332119): ========= =================== =====================
    Info (332119):     0.158               0.000 pll|altpll_component|auto_generated|pll1|clk[1] 
    Info (332119):     0.207               0.000 pll|altpll_component|auto_generated|pll1|clk[2] 
    Info (332119):     0.212               0.000 pll|altpll_component|auto_generated|pll1|clk[0] 
Info (332140): No Recovery paths to report
Info (332140): No Removal paths to report
Info (332146): Worst-case minimum pulse width slack is 9.530
    Info (332119):     Slack       End Point TNS Clock 
    Info (332119): ========= =================== =====================
    Info (332119):     9.530               0.000 MAX10_CLK1_50 
    Info (332119):    19.721               0.000 pll|altpll_component|auto_generated|pll1|clk[2] 
    Info (332119):    99.711               0.000 pll|altpll_component|auto_generated|pll1|clk[1] 
    Info (332119):    99.800               0.000 pll|altpll_component|auto_generated|pll1|clk[0] 
Info (332114): Report Metastability: Found 1 synchronizer chains.
    Info (332114): The design MTBF is not calculated because there are no specified synchronizers in the design.
    Info (332114): Number of Synchronizer Chains Found: 1
    Info (332114): Shortest Synchronizer Chain: 2 Registers
    Info (332114): Fraction of Chains for which MTBFs Could Not be Calculated: 1.000
    Info (332114): Worst Case Available Settling Time: 397.724 ns
    Info (332114): 
Info (332115): Report Timing: Found 1 setup paths (0 violated).  Worst case slack is 12.018
    Info (332115): -to_clock [get_clocks {pll|altpll_component|auto_generated|pll1|clk[2]}]
    Info (332115): -setup
    Info (332115): -stdout
Info (332115): Path #1: Setup slack is 12.018 
    Info (332115): ===================================================================
    Info (332115): From Node    : ram:RAM|altsyncram:RAM_rtl_0|altsyncram_3qd1:auto_generated|ram_block1a24~porta_we_reg
    Info (332115): To Node      : PCU:PCU|VGA:VGAcontroller|flags[6]
    Info (332115): Launch Clock : pll|altpll_component|auto_generated|pll1|clk[1]
    Info (332115): Latch Clock  : pll|altpll_component|auto_generated|pll1|clk[2]
    Info (332115): 
    Info (332115): Data Arrival Path:
    Info (332115): 
    Info (332115): Total (ns)  Incr (ns)     Type  Element
    Info (332115): ==========  ========= ==  ====  ===================================
    Info (332115):    100.000    100.000           launch edge time
    Info (332115):    100.295      0.295  R        clock network delay
    Info (332115):    100.421      0.126     uTco  ram:RAM|altsyncram:RAM_rtl_0|altsyncram_3qd1:auto_generated|ram_block1a24~porta_we_reg
    Info (332115):    101.500      1.079 RF  CELL  RAM|RAM_rtl_0|auto_generated|ram_block1a24|portadataout[0]
    Info (332115):    102.636      1.136 FF    IC  RAM|RAM_rtl_0|auto_generated|mux2|result_node[0]~0|dataa
    Info (332115):    102.792      0.156 FF  CELL  RAM|RAM_rtl_0|auto_generated|mux2|result_node[0]~0|combout
    Info (332115):    102.893      0.101 FF    IC  RAM|RAM_rtl_0|auto_generated|mux2|result_node[0]~1|datad
    Info (332115):    102.942      0.049 FF  CELL  RAM|RAM_rtl_0|auto_generated|mux2|result_node[0]~1|combout
    Info (332115):    103.041      0.099 FF    IC  Mux7~2|datad
    Info (332115):    103.090      0.049 FF  CELL  Mux7~2|combout
    Info (332115):    103.572      0.482 FF    IC  Mux7|datab
    Info (332115):    103.737      0.165 FF  CELL  Mux7|combout
    Info (332115):    103.913      0.176 FF    IC  ALUb[0]~1|datad
    Info (332115):    103.962      0.049 FF  CELL  ALUb[0]~1|combout
    Info (332115):    104.064      0.102 FF    IC  ALUb[0]~2|datac
    Info (332115):    104.170      0.106 FF  CELL  ALUb[0]~2|combout
    Info (332115):    104.305      0.135 FF    IC  ALU|Add0~0|datab
    Info (332115):    104.490      0.185 FF  CELL  ALU|Add0~0|cout
    Info (332115):    104.490      0.000 FF    IC  ALU|Add0~2|cin
    Info (332115):    104.513      0.023 FR  CELL  ALU|Add0~2|cout
    Info (332115):    104.513      0.000 RR    IC  ALU|Add0~4|cin
    Info (332115):    104.536      0.023 RF  CELL  ALU|Add0~4|cout
    Info (332115):    104.536      0.000 FF    IC  ALU|Add0~6|cin
    Info (332115):    104.559      0.023 FR  CELL  ALU|Add0~6|cout
    Info (332115):    104.559      0.000 RR    IC  ALU|Add0~8|cin
    Info (332115):    104.776      0.217 RF  CELL  ALU|Add0~8|combout
    Info (332115):    105.105      0.329 FF    IC  ALU|Add1~8|dataa
    Info (332115):    105.290      0.185 FF  CELL  ALU|Add1~8|cout
    Info (332115):    105.290      0.000 FF    IC  ALU|Add1~10|cin
    Info (332115):    105.313      0.023 FR  CELL  ALU|Add1~10|cout
    Info (332115):    105.313      0.000 RR    IC  ALU|Add1~12|cin
    Info (332115):    105.530      0.217 RF  CELL  ALU|Add1~12|combout
    Info (332115):    105.653      0.123 FF    IC  ALU|Selector2~9|datab
    Info (332115):    105.807      0.154 FF  CELL  ALU|Selector2~9|combout
    Info (332115):    105.929      0.122 FF    IC  ALU|Selector2~10|datab
    Info (332115):    106.094      0.165 FF  CELL  ALU|Selector2~10|combout
    Info (332115):    106.682      0.588 FF    IC  ALU|Selector2~16|datac
    Info (332115):    106.788      0.106 FF  CELL  ALU|Selector2~16|combout
    Info (332115):    106.914      0.126 FF    IC  ALU|Selector2~12|dataa
    Info (332115):    107.068      0.154 FF  CELL  ALU|Selector2~12|combout
    Info (332115):    107.197      0.129 FF    IC  ALU|Selector2~13|dataa
    Info (332115):    107.351      0.154 FF  CELL  ALU|Selector2~13|combout
    Info (332115):    107.460      0.109 FF    IC  ALU|Selector2~14|datad
    Info (332115):    107.509      0.049 FF  CELL  ALU|Selector2~14|combout
    Info (332115):    107.866      0.357 FF    IC  PCU|VGAcontroller|flags[6]|asdata
    Info (332115):    108.027      0.161 FF  CELL  PCU:PCU|VGA:VGAcontroller|flags[6]
    Info (332115): 
    Info (332115): Data Required Path:
    Info (332115): 
    Info (332115): Total (ns)  Incr (ns)     Type  Element
    Info (332115): ==========  ========= ==  ====  ===================================
    Info (332115):    120.000    120.000           latch edge time
    Info (332115):    120.059      0.059  R        clock network delay
    Info (332115):    120.039     -0.020           clock uncertainty
    Info (332115):    120.045      0.006     uTsu  PCU:PCU|VGA:VGAcontroller|flags[6]
    Info (332115): 
    Info (332115): Data Arrival Time  :   108.027
    Info (332115): Data Required Time :   120.045
    Info (332115): Slack              :    12.018 
    Info (332115): ===================================================================
    Info (332115): 
Info (332115): Report Timing: Found 1 setup paths (0 violated).  Worst case slack is 12.557
    Info (332115): -to_clock [get_clocks {pll|altpll_component|auto_generated|pll1|clk[1]}]
    Info (332115): -setup
    Info (332115): -stdout
Info (332115): Path #1: Setup slack is 12.557 
    Info (332115): ===================================================================
    Info (332115): From Node    : PCU:PCU|SD:SDcontroller|inByte[3]
    Info (332115): To Node      : PCU:PCU|VGA:VGAcontroller|buffer:buffer|altsyncram:RAM_rtl_0|altsyncram_hvi1:auto_generated|ram_block1a22~porta_address_reg0
    Info (332115): Launch Clock : pll|altpll_component|auto_generated|pll1|clk[2]
    Info (332115): Latch Clock  : pll|altpll_component|auto_generated|pll1|clk[1]
    Info (332115): 
    Info (332115): Data Arrival Path:
    Info (332115): 
    Info (332115): Total (ns)  Incr (ns)     Type  Element
    Info (332115): ==========  ========= ==  ====  ===================================
    Info (332115):     80.000     80.000           launch edge time
    Info (332115):     80.042      0.042  R        clock network delay
    Info (332115):     80.128      0.086     uTco  PCU:PCU|SD:SDcontroller|inByte[3]
    Info (332115):     80.128      0.000 FF  CELL  PCU|SDcontroller|inByte[3]|q
    Info (332115):     80.530      0.402 FF    IC  Mux4~0|datab
    Info (332115):     80.695      0.165 FF  CELL  Mux4~0|combout
    Info (332115):     80.824      0.129 FF    IC  Mux4~1|dataa
    Info (332115):     80.980      0.156 FF  CELL  Mux4~1|combout
    Info (332115):     81.109      0.129 FF    IC  Mux4|dataa
    Info (332115):     81.273      0.164 FF  CELL  Mux4|combout
    Info (332115):     81.763      0.490 FF    IC  ALUb[3]~13|datab
    Info (332115):     81.903      0.140 FF  CELL  ALUb[3]~13|combout
    Info (332115):     82.249      0.346 FF    IC  ALU|Add0~6|dataa
    Info (332115):     82.394      0.145 FR  CELL  ALU|Add0~6|cout
    Info (332115):     82.394      0.000 RR    IC  ALU|Add0~8|cin
    Info (332115):     82.611      0.217 RF  CELL  ALU|Add0~8|combout
    Info (332115):     82.940      0.329 FF    IC  ALU|Add1~8|dataa
    Info (332115):     83.125      0.185 FF  CELL  ALU|Add1~8|cout
    Info (332115):     83.125      0.000 FF    IC  ALU|Add1~10|cin
    Info (332115):     83.148      0.023 FR  CELL  ALU|Add1~10|cout
    Info (332115):     83.148      0.000 RR    IC  ALU|Add1~12|cin
    Info (332115):     83.365      0.217 RF  CELL  ALU|Add1~12|combout
    Info (332115):     83.488      0.123 FF    IC  ALU|Selector2~9|datab
    Info (332115):     83.642      0.154 FF  CELL  ALU|Selector2~9|combout
    Info (332115):     83.764      0.122 FF    IC  ALU|Selector2~10|datab
    Info (332115):     83.929      0.165 FF  CELL  ALU|Selector2~10|combout
    Info (332115):     84.517      0.588 FF    IC  ALU|Selector2~16|datac
    Info (332115):     84.623      0.106 FF  CELL  ALU|Selector2~16|combout
    Info (332115):     84.749      0.126 FF    IC  ALU|Selector2~12|dataa
    Info (332115):     84.903      0.154 FF  CELL  ALU|Selector2~12|combout
    Info (332115):     85.032      0.129 FF    IC  ALU|Selector2~13|dataa
    Info (332115):     85.186      0.154 FF  CELL  ALU|Selector2~13|combout
    Info (332115):     85.295      0.109 FF    IC  ALU|Selector2~14|datad
    Info (332115):     85.344      0.049 FF  CELL  ALU|Selector2~14|combout
    Info (332115):     85.719      0.375 FF    IC  PCU|VGAcontroller|buffer|RAM_rtl_0|auto_generated|decode2|w_anode572w[3]~0|datab
    Info (332115):     85.860      0.141 FF  CELL  PCU|VGAcontroller|buffer|RAM_rtl_0|auto_generated|decode2|w_anode572w[3]~0|combout
    Info (332115):     87.135      1.275 FF    IC  PCU|VGAcontroller|buffer|RAM_rtl_0|auto_generated|ram_block1a22|ena0
    Info (332115):     87.413      0.278 FF  CELL  PCU:PCU|VGA:VGAcontroller|buffer:buffer|altsyncram:RAM_rtl_0|altsyncram_hvi1:auto_generated|ram_block1a22~porta_address_reg0
    Info (332115): 
    Info (332115): Data Required Path:
    Info (332115): 
    Info (332115): Total (ns)  Incr (ns)     Type  Element
    Info (332115): ==========  ========= ==  ====  ===================================
    Info (332115):    100.000    100.000           latch edge time
    Info (332115):    100.198      0.198  R        clock network delay
    Info (332115):    100.178     -0.020           clock uncertainty
    Info (332115):     99.970     -0.208     uTsu  PCU:PCU|VGA:VGAcontroller|buffer:buffer|altsyncram:RAM_rtl_0|altsyncram_hvi1:auto_generated|ram_block1a22~porta_address_reg0
    Info (332115): 
    Info (332115): Data Arrival Time  :    87.413
    Info (332115): Data Required Time :    99.970
    Info (332115): Slack              :    12.557 
    Info (332115): ===================================================================
    Info (332115): 
Info (332115): Report Timing: Found 1 setup paths (0 violated).  Worst case slack is 32.900
    Info (332115): -to_clock [get_clocks {pll|altpll_component|auto_generated|pll1|clk[0]}]
    Info (332115): -setup
    Info (332115): -stdout
Info (332115): Path #1: Setup slack is 32.900 
    Info (332115): ===================================================================
    Info (332115): From Node    : PCU:PCU|SD:SDcontroller|inByte[3]
    Info (332115): To Node      : register:coutdelay|out[1]
    Info (332115): Launch Clock : pll|altpll_component|auto_generated|pll1|clk[2]
    Info (332115): Latch Clock  : pll|altpll_component|auto_generated|pll1|clk[0]
    Info (332115): 
    Info (332115): Data Arrival Path:
    Info (332115): 
    Info (332115): Total (ns)  Incr (ns)     Type  Element
    Info (332115): ==========  ========= ==  ====  ===================================
    Info (332115):    160.000    160.000           launch edge time
    Info (332115):    160.042      0.042  R        clock network delay
    Info (332115):    160.128      0.086     uTco  PCU:PCU|SD:SDcontroller|inByte[3]
    Info (332115):    160.128      0.000 FF  CELL  PCU|SDcontroller|inByte[3]|q
    Info (332115):    160.530      0.402 FF    IC  Mux4~0|datab
    Info (332115):    160.695      0.165 FF  CELL  Mux4~0|combout
    Info (332115):    160.824      0.129 FF    IC  Mux4~1|dataa
    Info (332115):    160.980      0.156 FF  CELL  Mux4~1|combout
    Info (332115):    161.109      0.129 FF    IC  Mux4|dataa
    Info (332115):    161.273      0.164 FF  CELL  Mux4|combout
    Info (332115):    161.763      0.490 FF    IC  ALUb[3]~13|datab
    Info (332115):    161.903      0.140 FF  CELL  ALUb[3]~13|combout
    Info (332115):    162.249      0.346 FF    IC  ALU|Add0~6|dataa
    Info (332115):    162.394      0.145 FR  CELL  ALU|Add0~6|cout
    Info (332115):    162.394      0.000 RR    IC  ALU|Add0~8|cin
    Info (332115):    162.611      0.217 RF  CELL  ALU|Add0~8|combout
    Info (332115):    162.940      0.329 FF    IC  ALU|Add1~8|dataa
    Info (332115):    163.125      0.185 FF  CELL  ALU|Add1~8|cout
    Info (332115):    163.125      0.000 FF    IC  ALU|Add1~10|cin
    Info (332115):    163.148      0.023 FR  CELL  ALU|Add1~10|cout
    Info (332115):    163.148      0.000 RR    IC  ALU|Add1~12|cin
    Info (332115):    163.365      0.217 RF  CELL  ALU|Add1~12|combout
    Info (332115):    163.488      0.123 FF    IC  ALU|Selector2~9|datab
    Info (332115):    163.642      0.154 FF  CELL  ALU|Selector2~9|combout
    Info (332115):    163.764      0.122 FF    IC  ALU|Selector2~10|datab
    Info (332115):    163.929      0.165 FF  CELL  ALU|Selector2~10|combout
    Info (332115):    164.517      0.588 FF    IC  ALU|Selector2~16|datac
    Info (332115):    164.623      0.106 FF  CELL  ALU|Selector2~16|combout
    Info (332115):    164.749      0.126 FF    IC  ALU|Selector2~12|dataa
    Info (332115):    164.903      0.154 FF  CELL  ALU|Selector2~12|combout
    Info (332115):    165.032      0.129 FF    IC  ALU|Selector2~13|dataa
    Info (332115):    165.195      0.163 FR  CELL  ALU|Selector2~13|combout
    Info (332115):    165.285      0.090 RR    IC  ALU|Selector2~14|datad
    Info (332115):    165.340      0.055 RR  CELL  ALU|Selector2~14|combout
    Info (332115):    165.764      0.424 RR    IC  FR|out~1|dataa
    Info (332115):    165.918      0.154 RF  CELL  FR|out~1|combout
    Info (332115):    166.572      0.654 FF    IC  FR|out~2|datac
    Info (332115):    166.678      0.106 FF  CELL  FR|out~2|combout
    Info (332115):    166.995      0.317 FF    IC  coutdelay|out[1]|asdata
    Info (332115):    167.156      0.161 FF  CELL  register:coutdelay|out[1]
    Info (332115): 
    Info (332115): Data Required Path:
    Info (332115): 
    Info (332115): Total (ns)  Incr (ns)     Type  Element
    Info (332115): ==========  ========= ==  ====  ===================================
    Info (332115):    200.000    200.000           latch edge time
    Info (332115):    200.070      0.070  R        clock network delay
    Info (332115):    200.050     -0.020           clock uncertainty
    Info (332115):    200.056      0.006     uTsu  register:coutdelay|out[1]
    Info (332115): 
    Info (332115): Data Arrival Time  :   167.156
    Info (332115): Data Required Time :   200.056
    Info (332115): Slack              :    32.900 
    Info (332115): ===================================================================
    Info (332115): 
Info (332115): Report Timing: Found 1 hold paths (0 violated).  Worst case slack is 0.158
    Info (332115): -to_clock [get_clocks {pll|altpll_component|auto_generated|pll1|clk[1]}]
    Info (332115): -hold
    Info (332115): -stdout
Info (332115): Path #1: Hold slack is 0.158 
    Info (332115): ===================================================================
    Info (332115): From Node    : PCU:PCU|PS2:PS2controller|inByte[2]
    Info (332115): To Node      : PCU:PCU|PS2:PS2controller|altsyncram:queuedKeys_rtl_0|altsyncram_jjh1:auto_generated|ram_block1a0~porta_datain_reg0
    Info (332115): Launch Clock : pll|altpll_component|auto_generated|pll1|clk[1]
    Info (332115): Latch Clock  : pll|altpll_component|auto_generated|pll1|clk[1]
    Info (332115): 
    Info (332115): Data Arrival Path:
    Info (332115): 
    Info (332115): Total (ns)  Incr (ns)     Type  Element
    Info (332115): ==========  ========= ==  ====  ===================================
    Info (332115):    100.000    100.000           launch edge time
    Info (332115):    100.052      0.052  R        clock network delay
    Info (332115):    100.138      0.086     uTco  PCU:PCU|PS2:PS2controller|inByte[2]
    Info (332115):    100.138      0.000 RR  CELL  PCU|PS2controller|inByte[2]|q
    Info (332115):    100.447      0.309 RR    IC  PCU|PS2controller|queuedKeys_rtl_0|auto_generated|ram_block1a0|portadatain[2]
    Info (332115):    100.472      0.025 RR  CELL  PCU:PCU|PS2:PS2controller|altsyncram:queuedKeys_rtl_0|altsyncram_jjh1:auto_generated|ram_block1a0~porta_datain_reg0
    Info (332115): 
    Info (332115): Data Required Path:
    Info (332115): 
    Info (332115): Total (ns)  Incr (ns)     Type  Element
    Info (332115): ==========  ========= ==  ====  ===================================
    Info (332115):    100.000    100.000           latch edge time
    Info (332115):    100.245      0.245  R        clock network delay
    Info (332115):    100.245      0.000           clock uncertainty
    Info (332115):    100.314      0.069      uTh  PCU:PCU|PS2:PS2controller|altsyncram:queuedKeys_rtl_0|altsyncram_jjh1:auto_generated|ram_block1a0~porta_datain_reg0
    Info (332115): 
    Info (332115): Data Arrival Time  :   100.472
    Info (332115): Data Required Time :   100.314
    Info (332115): Slack              :     0.158 
    Info (332115): ===================================================================
    Info (332115): 
Info (332115): Report Timing: Found 1 hold paths (0 violated).  Worst case slack is 0.207
    Info (332115): -to_clock [get_clocks {pll|altpll_component|auto_generated|pll1|clk[2]}]
    Info (332115): -hold
    Info (332115): -stdout
Info (332115): Path #1: Hold slack is 0.207 
    Info (332115): ===================================================================
    Info (332115): From Node    : PCU:PCU|SD:SDcontroller|MOSI
    Info (332115): To Node      : PCU:PCU|SD:SDcontroller|MOSI
    Info (332115): Launch Clock : pll|altpll_component|auto_generated|pll1|clk[2]
    Info (332115): Latch Clock  : pll|altpll_component|auto_generated|pll1|clk[2]
    Info (332115): 
    Info (332115): Data Arrival Path:
    Info (332115): 
    Info (332115): Total (ns)  Incr (ns)     Type  Element
    Info (332115): ==========  ========= ==  ====  ===================================
    Info (332115):      0.000      0.000           launch edge time
    Info (332115):      0.066      0.066  R        clock network delay
    Info (332115):      0.152      0.086     uTco  PCU:PCU|SD:SDcontroller|MOSI
    Info (332115):      0.152      0.000 RR  CELL  PCU|SDcontroller|MOSI|q
    Info (332115):      0.152      0.000 RR    IC  PCU|SDcontroller|MOSI~1|datac
    Info (332115):      0.292      0.140 RR  CELL  PCU|SDcontroller|MOSI~1|combout
    Info (332115):      0.292      0.000 RR    IC  PCU|SDcontroller|MOSI|d
    Info (332115):      0.321      0.029 RR  CELL  PCU:PCU|SD:SDcontroller|MOSI
    Info (332115): 
    Info (332115): Data Required Path:
    Info (332115): 
    Info (332115): Total (ns)  Incr (ns)     Type  Element
    Info (332115): ==========  ========= ==  ====  ===================================
    Info (332115):      0.000      0.000           latch edge time
    Info (332115):      0.043      0.043  R        clock network delay
    Info (332115):      0.043      0.000           clock uncertainty
    Info (332115):      0.114      0.071      uTh  PCU:PCU|SD:SDcontroller|MOSI
    Info (332115): 
    Info (332115): Data Arrival Time  :     0.321
    Info (332115): Data Required Time :     0.114
    Info (332115): Slack              :     0.207 
    Info (332115): ===================================================================
    Info (332115): 
Info (332115): Report Timing: Found 1 hold paths (0 violated).  Worst case slack is 0.212
    Info (332115): -to_clock [get_clocks {pll|altpll_component|auto_generated|pll1|clk[0]}]
    Info (332115): -hold
    Info (332115): -stdout
Info (332115): Path #1: Hold slack is 0.212 
    Info (332115): ===================================================================
    Info (332115): From Node    : register:statereg|out[0]
    Info (332115): To Node      : register:statereg|out[0]
    Info (332115): Launch Clock : pll|altpll_component|auto_generated|pll1|clk[0]
    Info (332115): Latch Clock  : pll|altpll_component|auto_generated|pll1|clk[0]
    Info (332115): 
    Info (332115): Data Arrival Path:
    Info (332115): 
    Info (332115): Total (ns)  Incr (ns)     Type  Element
    Info (332115): ==========  ========= ==  ====  ===================================
    Info (332115):      0.000      0.000           launch edge time
    Info (332115):      0.054      0.054  R        clock network delay
    Info (332115):      0.140      0.086     uTco  register:statereg|out[0]
    Info (332115):      0.140      0.000 FF  CELL  statereg|out[0]|q
    Info (332115):      0.140      0.000 FF    IC  LUT|LUT~1314|datac
    Info (332115):      0.284      0.144 FR  CELL  LUT|LUT~1314|combout
    Info (332115):      0.284      0.000 RR    IC  statereg|out[0]|d
    Info (332115):      0.313      0.029 RR  CELL  register:statereg|out[0]
    Info (332115): 
    Info (332115): Data Required Path:
    Info (332115): 
    Info (332115): Total (ns)  Incr (ns)     Type  Element
    Info (332115): ==========  ========= ==  ====  ===================================
    Info (332115):      0.000      0.000           latch edge time
    Info (332115):      0.030      0.030  R        clock network delay
    Info (332115):      0.030      0.000           clock uncertainty
    Info (332115):      0.101      0.071      uTh  register:statereg|out[0]
    Info (332115): 
    Info (332115): Data Arrival Time  :     0.313
    Info (332115): Data Required Time :     0.101
    Info (332115): Slack              :     0.212 
    Info (332115): ===================================================================
    Info (332115): 
Info (332102): Design is not fully constrained for setup requirements
Info (332102): Design is not fully constrained for hold requirements
Info: Quartus Prime Timing Analyzer was successful. 0 errors, 2 warnings
    Info: Peak virtual memory: 5028 megabytes
    Info: Processing ended: Tue Sep 15 22:49:54 2026
    Info: Elapsed time: 00:00:04
    Info: Total CPU time (on all processors): 00:00:07


